#
# There is insufficient memory for the Java Runtime Environment to continue.
# Native memory allocation (mmap) failed to map 2097152 bytes. Error detail: G1 virtual space
# Possible reasons:
#   The system is out of physical RAM or swap space
#   This process is running with CompressedOops enabled, and the Java Heap may be blocking the growth of the native heap
# Possible solutions:
#   Reduce memory load on the system
#   Increase physical memory or swap space
#   Check if swap backing store is full
#   Decrease Java heap size (-Xmx/-Xms)
#   Decrease number of Java threads
#   Decrease Java thread stack sizes (-Xss)
#   Set larger code cache with -XX:ReservedCodeCacheSize=
#   JVM is running with Zero Based Compressed Oops mode in which the Java heap is
#     placed in the first 32GB address space. The Java Heap base address is the
#     maximum limit for the native heap growth. Please use -XX:HeapBaseMinAddress
#     to set the Java Heap base and to place the Java Heap above 32GB virtual address.
# This output file may be truncated or incomplete.
#
#  Out of Memory Error (os_windows.cpp:3616), pid=15988, tid=7904
#
# JRE version: OpenJDK Runtime Environment Temurin-21.0.5+11 (21.0.5+11) (build 21.0.5+11-LTS)
# Java VM: OpenJDK 64-Bit Server VM Temurin-21.0.5+11 (21.0.5+11-LTS, mixed mode, sharing, tiered, compressed oops, compressed class ptrs, g1 gc, windows-amd64)
# No core dump will be written. Minidumps are not enabled by default on client versions of Windows
#

---------------  S U M M A R Y ------------

Command Line: -Dfile.encoding=UTF-8 -Dstdout.encoding=UTF-8 -Dstderr.encoding=UTF-8 -XX:+ShowCodeDetailsInExceptionMessages org.eclipse.emf.mwe2.launch.runtime.Mwe2Launcher src/hu/bme/mit/gamma/setup/GenerateAllLanguages.mwe2

Host: 11th Gen Intel(R) Core(TM) i5-1135G7 @ 2.40GHz, 8 cores, 15G,  Windows 10 , 64 bit Build 19041 (10.0.19041.5915)
Time: Thu Sep 10 23:40:24 2026 Közép-európai nyári iduild 19041 (10.0.19041.5915) elapsed time: 29.700000 seconds (0d 0h 0m 29s)

---------------  T H R E A D  ---------------

Current thread (0x0000021134405fb0):  JavaThread "main"             [_thread_in_vm, id=7904, stack(0x0000002b2ee00000,0x0000002b2ef00000) (1024K)]

Stack: [0x0000002b2ee00000,0x0000002b2ef00000]
Native frames: (J=compiled Java code, j=interpreted, Vv=VM code, C=native code)
V  [jvm.dll+0x6cd4e9]
V  [jvm.dll+0x8a7941]
V  [jvm.dll+0x8a9e6e]
V  [jvm.dll+0x8aa543]
V  [jvm.dll+0x27f6d6]
V  [jvm.dll+0x6c9c25]
V  [jvm.dll+0x6be84a]
V  [jvm.dll+0x355c6a]
V  [jvm.dll+0x35d836]
V  [jvm.dll+0x3af10b]
V  [jvm.dll+0x3af7a4]
V  [jvm.dll+0x3af316]
V  [jvm.dll+0x32a22e]
V  [jvm.dll+0x3284ff]
V  [jvm.dll+0x65e310]
V  [jvm.dll+0x23eb42]
V  [jvm.dll+0x86d627]
V  [jvm.dll+0x729847]
C  0x000002113f573429

The last pc belongs to _new_array_Java (printed below).
Java frames: (J=compiled Java code, j=interpreted, Vv=VM code)
v  ~RuntimeStub::_new_array_Java 0x000002113f573429
J 784 c2 java.io.ByteArrayOutputStream.<init>(I)V java.base@21.0.5 (43 bytes) @ 0x000002113fa37328 [0x000002113fa37120+0x0000000000000208]
j  org.eclipse.xtext.xtext.generator.parser.antlr.splitting.UnorderedGroupsSplitter.saveResource(Lorg/eclipse/emf/ecore/resource/Resource;)Ljava/lang/String;+11
J 15880 c2 org.eclipse.xtext.xtext.generator.parser.antlr.splitting.UnorderedGroupsSplitter.transfromLine(Ljava/lang/String;Lorg/eclipse/xtext/resource/IResourceFactory;)Ljava/lang/String; (84 bytes) @ 0x00000211401d01c8 [0x00000211401cfc00+0x00000000000005c8]
J 16321% c1 org.eclipse.xtext.xtext.generator.parser.antlr.splitting.UnorderedGroupsSplitter.transformContent(Lorg/eclipse/xtext/resource/IResourceFactory;)Ljava/lang/String; (117 bytes) @ 0x0000021138edbda4 [0x0000021138edb640+0x0000000000000764]
j  org.eclipse.xtext.xtext.generator.parser.antlr.splitting.UnorderedGroupsSplitter.transform()Ljava/lang/String;+25
j  org.eclipse.xtext.xtext.generator.parser.antlr.AbstractAntlrGeneratorFragment2.simplifyUnorderedGroupPredicates(Lorg/eclipse/xtext/xtext/generator/model/IXtextGeneratorFileSystemAccess;Lorg/eclipse/xtext/xtext/generator/model/TypeReference;)V+28
j  org.eclipse.xtext.xtext.generator.parser.antlr.AbstractAntlrGeneratorFragment2.simplifyUnorderedGroupPredicatesIfRequired(Lorg/eclipse/xtext/Grammar;Lorg/eclipse/xtext/xtext/generator/model/IXtextGeneratorFileSystemAccess;Lorg/eclipse/xtext/xtext/generator/model/TypeReference;)V+19
j  org.eclipse.xtext.xtext.generator.parser.antlr.XtextAntlrGeneratorFragment2.generateContentAssistGrammar()V+71
j  org.eclipse.xtext.xtext.generator.parser.antlr.XtextAntlrGeneratorFragment2.doGenerate()V+94
j  org.eclipse.xtext.xtext.generator.parser.antlr.AbstractAntlrGeneratorFragment2.generate()V+5
j  org.eclipse.xtext.xtext.generator.CompositeGeneratorFragment2.generate()V+32
j  org.eclipse.xtext.xtext.generator.XtextGenerator.invokeInternal(Lorg/eclipse/emf/mwe/core/WorkflowContext;Lorg/eclipse/emf/mwe/core/monitor/ProgressMonitor;Lorg/eclipse/emf/mwe/core/issues/Issues;)V+60
j  org.eclipse.emf.mwe.core.lib.AbstractWorkflowComponent.invoke(Lorg/eclipse/emf/mwe/core/WorkflowContext;Lorg/eclipse/emf/mwe/core/monitor/ProgressMonitor;Lorg/eclipse/emf/mwe/core/issues/Issues;)V+86
j  org.eclipse.emf.mwe.core.lib.Mwe2Bridge.invoke(Lorg/eclipse/emf/mwe2/runtime/workflow/IWorkflowContext;)V+29
j  org.eclipse.emf.mwe.core.lib.AbstractWorkflowComponent.invoke(Lorg/eclipse/emf/mwe2/runtime/workflow/IWorkflowContext;)V+5
j  org.eclipse.emf.mwe2.runtime.workflow.AbstractCompositeWorkflowComponent.invoke(Lorg/eclipse/emf/mwe2/runtime/workflow/IWorkflowContext;)V+25
j  org.eclipse.emf.mwe2.runtime.workflow.AbstractCompositeWorkflowComponent.invoke(Lorg/eclipse/emf/mwe2/runtime/workflow/IWorkflowContext;)V+25
j  org.eclipse.emf.mwe2.runtime.workflow.Workflow.run(Lorg/eclipse/emf/mwe2/runtime/workflow/IWorkflowContext;)V+6
j  org.eclipse.emf.mwe2.launch.runtime.Mwe2Runner.run(Lorg/eclipse/emf/mwe2/language/mwe2/Module;Ljava/util/Map;Lorg/eclipse/emf/mwe2/runtime/workflow/IWorkflowContext;)V+177
j  org.eclipse.emf.mwe2.launch.runtime.Mwe2Runner.run(Lorg/eclipse/emf/common/util/URI;Ljava/util/Map;Lorg/eclipse/emf/mwe2/runtime/workflow/IWorkflowContext;)V+71
j  org.eclipse.emf.mwe2.launch.runtime.Mwe2Runner.run(Lorg/eclipse/emf/common/util/URI;Ljava/util/Map;)V+15
j  org.eclipse.emf.mwe2.launch.runtime.Mwe2Launcher.run([Ljava/lang/String;)V+326
j  org.eclipse.emf.mwe2.launch.runtime.Mwe2Launcher.main([Ljava/lang/String;)V+8
v  ~StubRoutines::call_stub 0x000002113f4410e7
--------------------------------------------------------------------------------
Decoding CodeBlob, name: _new_array_Java, at  [0x000002113f573400, 0x000002113f573470]  112 bytes
[MachCode]
  0x000002113f573400: 4881 ec28 | 0000 0048 | 896c 2420 | 4989 a798 | 0300 0048 | 8bca 418b | d04d 8bc7 | 49ba 1098 
  0x000002113f573420: 0c6f fa7f | 0000 41ff | d20f 1f84 | 0000 0000 | 004d 89a7 | 9803 0000 | 4d89 a7a0 | 0300 0049 
  0x000002113f573440: 8b87 f003 | 0000 4d89 | a7f0 0300 | 004d 3b67 | 0875 0648 | 83c4 205d | c333 db49 | ba00 0f44 
  0x000002113f573460: 3f11 0200 | 0048 83c4 | 205d 41ff | e2f4 f4f4 
[/MachCode]
--------------------------------------------------------------------------------


Compiled method (c2) 29735  784       4       java.io.ByteArrayOutputStream::<init> (43 bytes)
 total in heap  [0x000002113fa36f90,0x000002113fa37458] = 1224
 relocation     [0x000002113fa370f0,0x000002113fa37118] = 40
 main code      [0x000002113fa37120,0x000002113fa373a8] = 648
 stub code      [0x000002113fa373a8,0x000002113fa373c0] = 24
 metadata       [0x000002113fa373c0,0x000002113fa373d8] = 24
 scopes data    [0x000002113fa373d8,0x000002113fa373f8] = 32
 scopes pcs     [0x000002113fa373f8,0x000002113fa37438] = 64
 dependencies   [0x000002113fa37438,0x000002113fa37440] = 8
 handler table  [0x000002113fa37440,0x000002113fa37458] = 24

[Constant Pool (empty)]

[MachCode]
[Entry Point]
  # {method} {0x000002114f220bd8} '<init>' '(I)V' in 'java/io/ByteArrayOutputStream'
  # this:     rdx:rdx   = 'java/io/ByteArrayOutputStream'
  # parm0:    r8        = int
  #           [sp+0x50]  (sp of caller)
  0x000002113fa37120: 448b 5208 | 49bb 0000 | 004f 1102 | 0000 4d03 | d349 3bc2 

  0x000002113fa37134: ;   {runtime_call ic_miss_stub}
  0x000002113fa37134: 0f85 4678 | a5ff 6690 | 0f1f 4000 
[Verified Entry Point]
  0x000002113fa37140: 8984 2400 | 80ff ff55 | 4883 ec40 | 4181 7f20 | 1200 0000 | 0f85 3d02 | 0000 488b | ea45 85c0 
  0x000002113fa37160: 0f8c f701 | 0000 4181 | f800 0010 | 000f 87c5 | 0100 0049 | 63c8 4181 | f800 0010 | 000f 8795 
  0x000002113fa37180: 0100 0049 | 8b9f b801 | 0000 4883 | c117 4c8b | d149 83e2 | f84c 8bdb | 4d03 da4d | 3b9f c801 
  0x000002113fa371a0: 0000 0f83 | 7001 0000 | 4d89 9fb8 | 0100 0048 | 8bfb 4883 | c710 48c7 | 0301 0000 | 0041 0f0d 
  0x000002113fa371c0: 8bc0 0000 

  0x000002113fa371c4: ;   {metadata({type array byte})}
  0x000002113fa371c4: 00c7 4308 | 6822 0000 | 4489 430c | 410f 0d8b | 0001 0000 | 410f 0d8b | 4001 0000 | 410f 0d8b 
  0x000002113fa371e4: 8001 0000 | 48c1 e903 | 4883 c1fe | 4833 c048 | 83f9 087f | 1048 ffc9 | 7856 4889 | 04cf 48ff 
  0x000002113fa37204: c97d f7eb | 4bc5 fdef | c0e9 0d00 | 0000 c5fe | 7f07 c5fe | 7f47 2048 | 83c7 4048 | 83e9 087d 
  0x000002113fa37224: ed48 83c1 | 047c 0cc5 | fe7f 0748 | 83c7 2048 | 83e9 0448 | 83c1 047e | 1748 c7c0 | ffff ffff 
  0x000002113fa37244: c4e2 f0f5 | c0c4 e1fb | 92f8 62f1 | fe2f 7f07 | 4180 7f40 | 0075 464c | 8bd5 4c8b | db49 c1eb 
  0x000002113fa37264: 0344 895d | 104c 8bdb | 4d33 da49 | c1eb 154d | 85db 7416 | 49c1 ea09 | 48b9 0090 | 2044 1102 
  0x000002113fa37284: 0000 4903 | ca80 3902 | 7543 4883 

  0x000002113fa37290: ;   {poll_return}
  0x000002113fa37290: c440 5d49 | 3ba7 4804 | 0000 0f87 | e100 0000 | c344 8b5d | 1045 85db | 74b1 4d8b | 5728 498b 
  0x000002113fa372b0: cb48 c1e1 | 034d 85d2 | 0f84 8200 | 0000 4d8b | 5f38 4b89 | 4c13 f849 | 83c2 f84d | 8957 28eb 
  0x000002113fa372d0: 8a4d 8b57 | 584d 8b5f | 48f0 8344 | 24c0 0080 | 3900 74aa | 4488 214d | 85db 751a | 498b d749 
  0x000002113fa372f0: ba40 12cc | 6efa 7f00 | 0041 ffd2 

  0x000002113fa372fc: ;   {other}
  0x000002113fa372fc: 0f1f 8400 | 0000 0000 | eb88 4b89 | 4c1a f849 | 83c3 f84d | 895f 48e9 | 76ff ffff 

  0x000002113fa37318: ;   {metadata({type array byte})}
  0x000002113fa37318: 48ba 6822 | 004f 1102 

  0x000002113fa37320: ;   {runtime_call _new_array_Java}
  0x000002113fa37320: 0000 90e8 

  0x000002113fa37324: ; ImmutableOopMap {rbp=Oop }
                      ;*newarray {reexecute=0 rethrow=0 return_oop=1}
                      ; - java.io.ByteArrayOutputStream::<init>@37 (line 81)
  0x000002113fa37324: d8c0 b3ff 

  0x000002113fa37328: ;   {other}
  0x000002113fa37328: 0f1f 8400 | 9803 0000 | 488b d8e9 | 1cff ffff | 4963 c8e9 | 36fe ffff | 498b d749 | ba60 12cc 
  0x000002113fa37348: 6efa 7f00 | 0041 ffd2 

  0x000002113fa37350: ;   {other}
  0x000002113fa37350: 0f1f 8400 | 0000 0000 | e9fe feff | ffba 45ff | ffff 4489 

  0x000002113fa37364: ;   {runtime_call UncommonTrapBlob}
  0x000002113fa37364: 4424 20e8 

  0x000002113fa37368: ; ImmutableOopMap {}
                      ;*ifge {reexecute=1 rethrow=0 return_oop=0}
                      ; - (reexecute) java.io.ByteArrayOutputStream::<init>@5 (line 77)
  0x000002113fa37368: 9409 a6ff 

  0x000002113fa3736c: ;   {other}
  0x000002113fa3736c: 0f1f 8400 | dc03 0001 | 488b d048 | 83c4 405d 

  0x000002113fa3737c: ;   {runtime_call _rethrow_Java}
  0x000002113fa3737c: e9ff 9fb3 

  0x000002113fa37380: ;   {internal_word}
  0x000002113fa37380: ff49 ba93 | 72a3 3f11 | 0200 004d | 8997 6004 

  0x000002113fa37390: ;   {runtime_call SafepointBlob}
  0x000002113fa37390: 0000 e9e9 

  0x000002113fa37394: ;   {runtime_call StubRoutines (final stubs)}
  0x000002113fa37394: f7a5 ffe8 | 24e9 a3ff | e9b9 fdff | fff4 f4f4 | f4f4 f4f4 
[Exception Handler]
  0x000002113fa373a8: ;   {no_reloc}
  0x000002113fa373a8: e9d3 75b3 | ffe8 0000 | 0000 4883 

  0x000002113fa373b4: ;   {runtime_call DeoptimizationBlob}
  0x000002113fa373b4: 2c24 05e9 | 640c a6ff | f4f4 f4f4 
[/MachCode]


Compiled method (c2) 29748 15880       4       org.eclipse.xtext.xtext.generator.parser.antlr.splitting.UnorderedGroupsSplitter::transfromLine (84 bytes)
 total in heap  [0x00000211401cf990,0x00000211401d0c40] = 4784
 relocation     [0x00000211401cfaf0,0x00000211401cfbf8] = 264
 main code      [0x00000211401cfc00,0x00000211401d0490] = 2192
 stub code      [0x00000211401d0490,0x00000211401d0540] = 176
 oops           [0x00000211401d0540,0x00000211401d0560] = 32
 metadata       [0x00000211401d0560,0x00000211401d05f0] = 144
 scopes data    [0x00000211401d05f0,0x00000211401d0900] = 784
 scopes pcs     [0x00000211401d0900,0x00000211401d0b00] = 512
 dependencies   [0x00000211401d0b00,0x00000211401d0b18] = 24
 handler table  [0x00000211401d0b18,0x00000211401d0c08] = 240
 nul chk table  [0x00000211401d0c08,0x00000211401d0c40] = 56

[Constant Pool (empty)]

[MachCode]
[Entry Point]
  # {method} {0x00000211928da890} 'transfromLine' '(Ljava/lang/String;Lorg/eclipse/xtext/resource/IResourceFactory;)Ljava/lang/String;' in 'org/eclipse/xtext/xtext/generator/parser/antlr/splitting/UnorderedGroupsSplitter'
  # this:     rdx:rdx   = 'org/eclipse/xtext/xtext/generator/parser/antlr/splitting/UnorderedGroupsSplitter'
  # parm0:    r8:r8     = 'java/lang/String'
  # parm1:    r9:r9     = 'org/eclipse/xtext/resource/IResourceFactory'
  #           [sp+0x50]  (sp of caller)
  0x00000211401cfc00: 448b 5208 | 49bb 0000 | 004f 1102 | 0000 4d03 | d349 3bc2 

  0x00000211401cfc14: ;   {runtime_call ic_miss_stub}
  0x00000211401cfc14: 0f85 66ed | 2bff 6690 | 0f1f 4000 
[Verified Entry Point]
  0x00000211401cfc20: 8984 2400 | 80ff ff55 | 4883 ec40 | 4181 7f20 | 1200 0000 | 0f85 4808 | 0000 4c89 | 4c24 0848 
  0x00000211401cfc40: 8914 2449 | 8be8 458b | 5014 4180 | 7810 000f | 85a0 0500 | 0047 8b5c | d40c 418d | 7bff 4b8d 
  0x00000211401cfc60: 14d4 bbe8 | 0300 0045 | 85db 0f86 | 5504 0000 | 413b fb0f | 839b 0500 | 0045 33c9 | 458b c142 
  0x00000211401cfc80: 0fb6 7402 | 1083 fe20 | 0f8e e500 | 0000 453b | c30f 8d26 | 0400 004d | 63c8 4963 | cb4c 3bc9 
  0x00000211401cfca0: 0f83 8e05 | 0000 413b | fb0f 8385 | 0500 0041 | 8bfb 448b | cf46 0fb6 | 540a 0f41 | 83fa 200f 
  0x00000211401cfcc0: 8eb3 0300 | 0045 85c0 | 0f8f e800 | 0000 453b | cb0f 8cdf | 0000 0045 | 33d2 4d85 | d275 034c 
  0x00000211401cfce0: 8bd5 458b | 4214 478b | 4cc4 0c45 | 0fbe 5a10 | c4c2 22f7 | c94b 8d1c | c44f 8d6c | c410 8d59 
  0x00000211401cfd00: f985 db7c | 2745 85db | 0f85 8a05 | 0000 4585 

  0x00000211401cfd10: ;   {no_reloc}
  0x00000211401cfd10: c90f 8641 | 0500 0041 | 83f9 060f | 8637 0500 | 0041 807d | 0065 0f84 | a800 0000 | 83c1 fe85 
  0x00000211401cfd30: c97c 2745 | 85db 0f85 | 8005 0000 | 4585 c90f | 8633 0500 | 0041 83f9 | 010f 8629 | 0500 0041 
  0x00000211401cfd50: 807d 0069 | 0f84 ca00 | 0000 488b | c5c5 f877 | 4883 c440 

  0x00000211401cfd64: ;   {poll_return}
  0x00000211401cfd64: 5d49 3ba7 | 4804 0000 | 0f87 fa06 | 0000 c341 | 8bcb 412b | c933 f645 | 3bd9 0f4c | ce81 f9e8 
  0x00000211401cfd84: 0300 000f | 47cb 4103 | c941 ffc0 | 443b c10f | 8ce6 feff | ff49 8bb7 | 5004 0000 

  0x00000211401cfda0: ; ImmutableOopMap {r10=NarrowOop r9=Oop rdx=Oop rbp=Oop [0]=Oop [8]=Oop }
                      ;*goto {reexecute=1 rethrow=0 return_oop=0}
                      ; - (reexecute) java.lang.StringLatin1::trim@25 (line 574)
                      ; - java.lang.String::trim@11 (line 3779)
                      ; - org.eclipse.xtext.xtext.generator.parser.antlr.splitting.UnorderedGroupsSplitter::shouldSimplify@1 (line 122)
                      ; - org.eclipse.xtext.xtext.generator.parser.antlr.splitting.UnorderedGroupsSplitter::transfromLine@2 (line 72)
                      ;   {poll}
  0x00000211401cfda0: 4c8b cd85 | 0645 3bc3 | 0f8d e0fe | ffff 458b | c8e9 c6fe | ffff 452b | c866 6690 

  0x00000211401cfdbc: ;   {static_call}
  0x00000211401cfdbc: c5f8 77e8 

  0x00000211401cfdc0: ; ImmutableOopMap {rbp=Oop [0]=Oop [8]=Oop }
                      ;*invokestatic newString {reexecute=0 rethrow=0 return_oop=1}
                      ; - java.lang.StringLatin1::trim@68 (line 580)
                      ; - java.lang.String::trim@11 (line 3779)
                      ; - org.eclipse.xtext.xtext.generator.parser.antlr.splitting.UnorderedGroupsSplitter::shouldSimplify@1 (line 122)
                      ; - org.eclipse.xtext.xtext.generator.parser.antlr.splitting.UnorderedGroupsSplitter::transfromLine@2 (line 72)
  0x00000211401cfdc0: fcfd d7ff 

  0x00000211401cfdc4: ;   {other}
  0x00000211401cfdc4: 0f1f 8400 | 3404 0001 | 4c8b d0e9 | 06ff ffff | 4380 7cc4 | 116c 0f85 | 4cff ffff | 4380 7cc4 
  0x00000211401cfde4: 1273 0f85 | 40ff ffff | 4380 7cc4 | 1365 0f85 | 34ff ffff | 4380 7cc4 | 1420 0f85 | 28ff ffff 
  0x00000211401cfe04: 430f be7c | c415 83ff | 690f 8519 | ffff ff43 | 0fbe 5cc4 | 1683 fb66 | 0f85 0aff | ffff eb0c 
  0x00000211401cfe24: 4380 7cc4 | 1166 0f85 | 2aff ffff | 4585 db0f | 85a7 0400 | 0041 83f9 | 190f 8cb3 

  0x00000211401cfe40: ;   {oop([B{0x0000000708b5db38})}
  0x00000211401cfe40: 0000 0048 | be38 dbb5 | 0807 0000 | 0048 83c6 | 1049 8bfd | 418b d1c5 | fa6f 06b8 | 1900 0000 
  0x00000211401cfe60: 488b dfeb | 1fc5 fa6f | 0648 f7d8 | 2bd0 83c2 | 19b8 1900 | 0000 ffca | 3bd0 0f88 | 2700 0000 
  0x00000211401cfe80: 4883 c301 | c4e3 7961 | 030c 720f | 83ea 107e | 163b d078 | 1248 83c3 | 10eb e970 | 1c48 8d1c 
  0x00000211401cfea0: 0b2b d13b | d07d 0abb | ffff ffff | e93d 0000 | 00c4 e379 | 6103 0c71 | b348 f7d8 | 4883 c010 
  0x00000211401cfec0: 83ea 1083 | f8f0 7e0d | 03d0 83c2 | 10b8 1000 | 0000 48f7 | d8c5 fa6f | 4406 19c4 | e379 6144 
  0x00000211401cfee0: 0319 0c71 | 8048 83c0 | 1078 d548 | 2bdf 85db | 0f8d d701 | 0000 4183 | f914 0f8c | b300 0000 
  0x00000211401cff00: ;   {oop([B{0x0000000708b5daf8})}
  0x00000211401cff00: 48be f8da | b508 0700 | 0000 4883 | c610 498b | fd41 8bd1 | c5fa 6f06 | b814 0000 | 0048 8bdf 
  0x00000211401cff20: eb1f c5fa | 6f06 48f7 | d82b d083 | c214 b814 | 0000 00ff | ca3b d00f | 8827 0000 | 0048 83c3 
  0x00000211401cff40: 01c4 e379 | 6103 0c72 | 0f83 ea10 | 7e16 3bd0 | 7812 4883 | c310 ebe9 | 701c 488d | 1c0b 2bd1 
  0x00000211401cff60: 3bd0 7d0a | bbff ffff | ffe9 3d00 | 0000 c4e3 | 7961 030c | 71b3 48f7 | d848 83c0 | 1083 ea10 
  0x00000211401cff80: 83f8 f07e | 0d03 d083 | c210 b810 | 0000 0048 | f7d8 c5fa | 6f44 0614 | c4e3 7961 | 4403 140c 
  0x00000211401cffa0: 7180 4883 | c010 78d5 | 482b df85 | db0f 8da7 | fdff ff41 | 83f9 020f | 8c9d fdff 

  0x00000211401cffbc: ;   {oop([B{0x0000000708b5dac8})}
  0x00000211401cffbc: ff48 bec8 | dab5 0807 | 0000 0048 | 83c6 1049 | 8bfd 418b | d148 8bcc | 0fb7 1ec5 | f96e c383 
  0x00000211401cffdc: fa10 7327 | 8bdf 81e3 | ff0f 0000 | 81fb f00f | 0000 7617 | 4883 ec10 | 8bc2 0fb6 | 5c07 ff88 
  0x00000211401cfffc: 5c04 ff48 | ffc8 75f2 | 488b fcb8 | 0200 0000 | 5148 8bdf | c4e3 7961 | 030c 721e | 83ea 107e 
  0x00000211401d001c: 1f3b d078 | 1b48 83c3 | 1083 fa10 | 7de6 488d | 5c13 f0ba | 1000 0000 | ebda 2bd1 | 3bd0 7d0a 
  0x00000211401d003c: bbff ffff | ffe9 0c00 | 0000 488d | 1c0b 83f9 | 0e7f d648 | 2bdf 5c85 | db0f 8cff | fcff ffba 
  0x00000211401d005c: 45ff ffff | 4c89 5424 | 1066 6690 

  0x00000211401d0068: ;   {runtime_call UncommonTrapBlob}
  0x00000211401d0068: c5f8 77e8 

  0x00000211401d006c: ; ImmutableOopMap {rbp=Oop [0]=Oop [8]=Oop [16]=Oop }
                      ;*ifeq {reexecute=1 rethrow=0 return_oop=0}
                      ; - (reexecute) org.eclipse.xtext.xtext.generator.parser.antlr.splitting.UnorderedGroupsSplitter::shouldSimplify@52 (line 124)
                      ; - org.eclipse.xtext.xtext.generator.parser.antlr.splitting.UnorderedGroupsSplitter::transfromLine@2 (line 72)
  0x00000211401d006c: 907c 2cff 

  0x00000211401d0070: ;   {other}
  0x00000211401d0070: 0f1f 8400 | e006 0002 | 8bcf 412b | c833 f641 | 3bf8 0f4c | ce81 f9e8 | 0300 000f | 47cb 448b 
  0x00000211401d0090: d744 2bd1 | 41ff c945 | 3bca 0f8f | 15fc ffff | 498b bf50 | 0400 004c 

  0x00000211401d00a8: ; ImmutableOopMap {r10=Oop rdx=Oop rbp=Oop [0]=Oop [8]=Oop }
                      ;*goto {reexecute=1 rethrow=0 return_oop=0}
                      ; - (reexecute) java.lang.StringLatin1::trim@50 (line 577)
                      ; - java.lang.String::trim@11 (line 3779)
                      ; - org.eclipse.xtext.xtext.generator.parser.antlr.splitting.UnorderedGroupsSplitter::shouldSimplify@1 (line 122)
                      ; - org.eclipse.xtext.xtext.generator.parser.antlr.splitting.UnorderedGroupsSplitter::transfromLine@2 (line 72)
                      ;   {poll}
  0x00000211401d00a8: 8bd5 8507 | 453b c80f | 8e10 fcff | ff41 8bf9 | e9f5 fbff | ff45 8bcb | e900 fcff | ff45 33c0 
  0x00000211401d00c8: e9c1 fbff | ff41 b87b | 0000 0048 | 8bd5 6690 

  0x00000211401d00d8: ;   {optimized virtual_call}
  0x00000211401d00d8: c5f8 77e8 

  0x00000211401d00dc: ; ImmutableOopMap {rbp=Oop [0]=Oop [8]=Oop }
                      ;*invokevirtual indexOf {reexecute=0 rethrow=0 return_oop=0}
                      ; - org.eclipse.xtext.xtext.generator.parser.antlr.splitting.UnorderedGroupsSplitter::transfromLine@11 (line 73)
  0x00000211401d00dc: 80b1 0000 

  0x00000211401d00e0: ;   {other}
  0x00000211401d00e0: 0f1f 8400 | 5007 0004 | 8944 2410 | 448d 4801 | 488b d545 | 33c0 6690 

  0x00000211401d00f8: ;   {optimized virtual_call}
  0x00000211401d00f8: c5f8 77e8 

  0x00000211401d00fc: ; ImmutableOopMap {rbp=Oop [0]=Oop [8]=Oop }
                      ;*invokevirtual substring {reexecute=0 rethrow=0 return_oop=1}
                      ; - org.eclipse.xtext.xtext.generator.parser.antlr.splitting.UnorderedGroupsSplitter::transfromLine@20 (line 74)
  0x00000211401d00fc: 008b 9bff 

  0x00000211401d0100: ;   {other}
  0x00000211401d0100: 0f1f 8400 | 7007 0005 | 488b 1424 | 4c8b c04c | 8b4c 2408 

  0x00000211401d0114: ;   {optimized virtual_call}
  0x00000211401d0114: c5f8 77e8 

  0x00000211401d0118: ; ImmutableOopMap {rbp=Oop [0]=Oop }
                      ;*invokevirtual getResource {reexecute=0 rethrow=0 return_oop=1}
                      ; - org.eclipse.xtext.xtext.generator.parser.antlr.splitting.UnorderedGroupsSplitter::transfromLine@29 (line 75)
  0x00000211401d0118: a48d 56f8 

  0x00000211401d011c: ;   {other}
  0x00000211401d011c: 0f1f 8400 | 8c07 0006 

  0x00000211401d0124: ; implicit exception: dispatches to 0x00000211401d041e
  0x00000211401d0124: 448b 5008 

  0x00000211401d0128: ;   {metadata('org/eclipse/xtext/linking/lazy/LazyLinkingResource')}
  0x00000211401d0128: 4181 faf0 | 2e13 010f | 85e3 0100 | 004c 8bd0 | 4c89 5424 | 1849 8bd2 

  0x00000211401d0140: ;   {optimized virtual_call}
  0x00000211401d0140: c5f8 77e8 

  0x00000211401d0144: ; ImmutableOopMap {rbp=Oop [0]=Oop [24]=Oop }
                      ;*invokeinterface getContents {reexecute=0 rethrow=0 return_oop=1}
                      ; - org.eclipse.xtext.xtext.generator.parser.antlr.splitting.UnorderedGroupsSplitter::transfromLine@36 (line 76)
  0x00000211401d0144: f873 84ff 

  0x00000211401d0148: ;   {other}
  0x00000211401d0148: 0f1f 8400 | b807 0007 

  0x00000211401d0150: ; implicit exception: dispatches to 0x00000211401d0434
  0x00000211401d0150: 448b 5008 

  0x00000211401d0154: ;   {metadata('org/eclipse/emf/ecore/resource/impl/ResourceImpl$ContentsEList')}
  0x00000211401d0154: 4181 fab0 | b30c 010f | 85db 0100 | 0048 8bd0 | 4533 c090 

  0x00000211401d0168: ;   {optimized virtual_call}
  0x00000211401d0168: c5f8 77e8 

  0x00000211401d016c: ; ImmutableOopMap {rbp=Oop [0]=Oop [24]=Oop }
                      ;*invokeinterface get {reexecute=0 rethrow=0 return_oop=1}
                      ; - org.eclipse.xtext.xtext.generator.parser.antlr.splitting.UnorderedGroupsSplitter::transfromLine@42 (line 76)
  0x00000211401d016c: 50a7 97ff 

  0x00000211401d0170: ;   {other}
  0x00000211401d0170: 0f1f 8400 | e007 0008 | 4c8b d844 

  0x00000211401d017c: ;   {metadata('org/eclipse/xtext/xtext/generator/parser/antlr/splitting/simpleExpressions/impl/IfConditionImpl')}
  0x00000211401d017c: 8b50 0841 | 81fa 8064 | 5201 0f85 | e001 0000 | 4c8b 1424 | 458b 5210 | 4585 d20f | 8463 0100 
  0x00000211401d019c: 004b 8d14 | d44d 8bc3 

  0x00000211401d01a4: ;   {optimized virtual_call}
  0x00000211401d01a4: c5f8 77e8 

  0x00000211401d01a8: ; ImmutableOopMap {rbp=Oop [0]=Oop [24]=Oop }
                      ;*invokevirtual simplify {reexecute=0 rethrow=0 return_oop=0}
                      ; - org.eclipse.xtext.xtext.generator.parser.antlr.splitting.UnorderedGroupsSplitter::transfromLine@58 (line 77)
  0x00000211401d01a8: 1103 0000 

  0x00000211401d01ac: ;   {other}
  0x00000211401d01ac: 0f1f 8400 | 1c08 0009 | 488b 1424 | 4c8b 4424 | 1866 6690 

  0x00000211401d01c0: ;   {optimized virtual_call}
  0x00000211401d01c0: c5f8 77e8 

  0x00000211401d01c4: ; ImmutableOopMap {rbp=Oop [0]=Oop }
                      ;*invokevirtual saveResource {reexecute=0 rethrow=0 return_oop=1}
                      ; - org.eclipse.xtext.xtext.generator.parser.antlr.splitting.UnorderedGroupsSplitter::transfromLine@64 (line 78)
  0x00000211401d01c4: 0403 0000 

  0x00000211401d01c8: ;   {other}
  0x00000211401d01c8: 0f1f 8400 | 3808 000a | 488b 1424 | 4c8b c544 | 8b4c 2410 | 488b f890 

  0x00000211401d01e0: ;   {optimized virtual_call}
  0x00000211401d01e0: c5f8 77e8 

  0x00000211401d01e4: ; ImmutableOopMap {}
                      ;*invokevirtual addPostfix {reexecute=0 rethrow=0 return_oop=1}
                      ; - org.eclipse.xtext.xtext.generator.parser.antlr.splitting.UnorderedGroupsSplitter::transfromLine@74 (line 79)
  0x00000211401d01e4: f86f fff8 

  0x00000211401d01e8: ;   {other}
  0x00000211401d01e8: 0f1f 8400 | 5808 000b | e968 fbff | ff49 8bd2 | 48c1 e203 

  0x00000211401d01fc: ;   {static_call}
  0x00000211401d01fc: c5f8 77e8 

  0x00000211401d0200: ; ImmutableOopMap {rbp=Oop [0]=Oop [8]=Oop }
                      ;*invokestatic trim {reexecute=0 rethrow=0 return_oop=1}
                      ; - java.lang.String::trim@21 (line 3780)
                      ; - org.eclipse.xtext.xtext.generator.parser.antlr.splitting.UnorderedGroupsSplitter::shouldSimplify@1 (line 122)
                      ; - org.eclipse.xtext.xtext.generator.parser.antlr.splitting.UnorderedGroupsSplitter::transfromLine@2 (line 72)
  0x00000211401d0200: 7cf6 2bff 

  0x00000211401d0204: ;   {other}
  0x00000211401d0204: 0f1f 8400 | 7408 000c | 4c8b d0e9 | c6fa ffff | ba76 ffff | ff44 8954 | 2418 4489 | 5c24 2090 
  0x00000211401d0224: ;   {runtime_call UncommonTrapBlob}
  0x00000211401d0224: c5f8 77e8 

  0x00000211401d0228: ; ImmutableOopMap {rbp=Oop [0]=Oop [8]=Oop [24]=NarrowOop }
                      ;*if_icmpge {reexecute=1 rethrow=0 return_oop=0}
                      ; - (reexecute) java.lang.StringLatin1::trim@7 (line 573)
                      ; - java.lang.String::trim@11 (line 3779)
                      ; - org.eclipse.xtext.xtext.generator.parser.antlr.splitting.UnorderedGroupsSplitter::shouldSimplify@1 (line 122)
                      ; - org.eclipse.xtext.xtext.generator.parser.antlr.splitting.UnorderedGroupsSplitter::transfromLine@2 (line 72)
  0x00000211401d0228: d47a 2cff 

  0x00000211401d022c: ;   {other}
  0x00000211401d022c: 0f1f 8400 | 9c08 000d | ba76 ffff | ff44 8954 | 2418 4489 | 4424 2444 | 895c 2428 

  0x00000211401d0248: ;   {runtime_call UncommonTrapBlob}
  0x00000211401d0248: c5f8 77e8 

  0x00000211401d024c: ; ImmutableOopMap {rbp=Oop [0]=Oop [8]=Oop [24]=NarrowOop }
                      ;*if_icmpge {reexecute=1 rethrow=0 return_oop=0}
                      ; - (reexecute) java.lang.StringLatin1::trim@30 (line 576)
                      ; - java.lang.String::trim@11 (line 3779)
                      ; - org.eclipse.xtext.xtext.generator.parser.antlr.splitting.UnorderedGroupsSplitter::shouldSimplify@1 (line 122)
                      ; - org.eclipse.xtext.xtext.generator.parser.antlr.splitting.UnorderedGroupsSplitter::transfromLine@2 (line 72)
  0x00000211401d024c: b07a 2cff 

  0x00000211401d0250: ;   {other}
  0x00000211401d0250: 0f1f 8400 | c008 000e | ba76 ffff | ff4c 8954 | 2410 4489 | 4424 1890 

  0x00000211401d0268: ;   {runtime_call UncommonTrapBlob}
  0x00000211401d0268: c5f8 77e8 

  0x00000211401d026c: ; ImmutableOopMap {rbp=Oop [0]=Oop [8]=Oop [16]=Oop [24]=NarrowOop }
                      ;*if_icmpge {reexecute=1 rethrow=0 return_oop=0}
                      ; - (reexecute) jdk.internal.util.ArraysSupport::mismatch@74 (line 401)
                      ; - java.lang.String::startsWith@70 (line 2297)
                      ; - java.lang.String::startsWith@3 (line 2327)
                      ; - org.eclipse.xtext.xtext.generator.parser.antlr.splitting.UnorderedGroupsSplitter::shouldSimplify@9 (line 123)
                      ; - org.eclipse.xtext.xtext.generator.parser.antlr.splitting.UnorderedGroupsSplitter::transfromLine@2 (line 72)
  0x00000211401d026c: 907a 2cff 

  0x00000211401d0270: ;   {other}
  0x00000211401d0270: 0f1f 8400 | e008 000f | ba76 ffff | ff4c 8954 | 2410 4489 | 4424 1890 

  0x00000211401d0288: ;   {runtime_call UncommonTrapBlob}
  0x00000211401d0288: c5f8 77e8 

  0x00000211401d028c: ; ImmutableOopMap {rbp=Oop [0]=Oop [8]=Oop [16]=Oop [24]=NarrowOop }
                      ;*if_icmpge {reexecute=1 rethrow=0 return_oop=0}
                      ; - (reexecute) jdk.internal.util.ArraysSupport::mismatch@74 (line 401)
                      ; - java.lang.String::startsWith@70 (line 2297)
                      ; - java.lang.String::startsWith@3 (line 2327)
                      ; - org.eclipse.xtext.xtext.generator.parser.antlr.splitting.UnorderedGroupsSplitter::shouldSimplify@19 (line 123)
                      ; - org.eclipse.xtext.xtext.generator.parser.antlr.splitting.UnorderedGroupsSplitter::transfromLine@2 (line 72)
  0x00000211401d028c: 707a 2cff 

  0x00000211401d0290: ;   {other}
  0x00000211401d0290: 0f1f 8400 | 0009 0010 | ba45 ffff | ff4c 8954 | 2410 4489 | 4424 1844 | 895c 2420 

  0x00000211401d02ac: ;   {runtime_call UncommonTrapBlob}
  0x00000211401d02ac: c5f8 77e8 

  0x00000211401d02b0: ; ImmutableOopMap {rbp=Oop [0]=Oop [8]=Oop [16]=Oop [24]=NarrowOop }
                      ;*if_icmpne {reexecute=1 rethrow=0 return_oop=0}
                      ; - (reexecute) java.lang.String::startsWith@50 (line 2293)
                      ; - java.lang.String::startsWith@3 (line 2327)
                      ; - org.eclipse.xtext.xtext.generator.parser.antlr.splitting.UnorderedGroupsSplitter::shouldSimplify@9 (line 123)
                      ; - org.eclipse.xtext.xtext.generator.parser.antlr.splitting.UnorderedGroupsSplitter::transfromLine@2 (line 72)
  0x00000211401d02b0: 4c7a 2cff 

  0x00000211401d02b4: ;   {other}
  0x00000211401d02b4: 0f1f 8400 | 2409 0011 | ba45 ffff | ff4c 8954 | 2410 4489 | 4424 1844 | 895c 2420 

  0x00000211401d02d0: ;   {runtime_call UncommonTrapBlob}
  0x00000211401d02d0: c5f8 77e8 

  0x00000211401d02d4: ; ImmutableOopMap {rbp=Oop [0]=Oop [8]=Oop [16]=Oop [24]=NarrowOop }
                      ;*if_icmpne {reexecute=1 rethrow=0 return_oop=0}
                      ; - (reexecute) java.lang.String::startsWith@50 (line 2293)
                      ; - java.lang.String::startsWith@3 (line 2327)
                      ; - org.eclipse.xtext.xtext.generator.parser.antlr.splitting.UnorderedGroupsSplitter::shouldSimplify@19 (line 123)
                      ; - org.eclipse.xtext.xtext.generator.parser.antlr.splitting.UnorderedGroupsSplitter::transfromLine@2 (line 72)
  0x00000211401d02d4: 287a 2cff 

  0x00000211401d02d8: ;   {other}
  0x00000211401d02d8: 0f1f 8400 | 4809 0012 | ba45 ffff | ff4c 8954 | 2418 4489 | 5c24 2490 

  0x00000211401d02f0: ;   {runtime_call UncommonTrapBlob}
  0x00000211401d02f0: c5f8 77e8 

  0x00000211401d02f4: ; ImmutableOopMap {rbp=Oop [0]=Oop [8]=Oop [24]=Oop }
                      ;*if_icmpne {reexecute=1 rethrow=0 return_oop=0}
                      ; - (reexecute) java.lang.String::indexOf@10 (line 2593)
                      ; - java.lang.String::contains@7 (line 2981)
                      ; - org.eclipse.xtext.xtext.generator.parser.antlr.splitting.UnorderedGroupsSplitter::shouldSimplify@29 (line 124)
                      ; - org.eclipse.xtext.xtext.generator.parser.antlr.splitting.UnorderedGroupsSplitter::transfromLine@2 (line 72)
  0x00000211401d02f4: 087a 2cff 

  0x00000211401d02f8: ;   {other}
  0x00000211401d02f8: 0f1f 8400 | 6809 0013 | baf6 ffff | ff49 8beb 

  0x00000211401d0308: ;   {runtime_call UncommonTrapBlob}
  0x00000211401d0308: c5f8 77e8 

  0x00000211401d030c: ; ImmutableOopMap {rbp=Oop }
                      ;*invokevirtual simplify {reexecute=0 rethrow=0 return_oop=0}
                      ; - org.eclipse.xtext.xtext.generator.parser.antlr.splitting.UnorderedGroupsSplitter::transfromLine@58 (line 77)
  0x00000211401d030c: f079 2cff 

  0x00000211401d0310: ;   {other}
  0x00000211401d0310: 0f1f 8400 | 8009 0014 | bade ffff | ff44 8b54 | 2410 4489 | 5424 0848 | 8944 2418 

  0x00000211401d032c: ;   {runtime_call UncommonTrapBlob}
  0x00000211401d032c: c5f8 77e8 

  0x00000211401d0330: ; ImmutableOopMap {rbp=Oop [0]=Oop [24]=Oop }
                      ;*invokeinterface getContents {reexecute=0 rethrow=0 return_oop=0}
                      ; - org.eclipse.xtext.xtext.generator.parser.antlr.splitting.UnorderedGroupsSplitter::transfromLine@36 (line 76)
  0x00000211401d0330: cc79 2cff 

  0x00000211401d0334: ;   {other}
  0x00000211401d0334: 0f1f 8400 | a409 0015 | bade ffff | ff44 8b44 | 2410 4489 | 4424 0848 | ff74 2418 | 488f 4424 
  0x00000211401d0354: 1048 8944 | 2418 6690 

  0x00000211401d035c: ;   {runtime_call UncommonTrapBlob}
  0x00000211401d035c: c5f8 77e8 

  0x00000211401d0360: ; ImmutableOopMap {rbp=Oop [0]=Oop [16]=Oop [24]=Oop }
                      ;*invokeinterface get {reexecute=0 rethrow=0 return_oop=0}
                      ; - org.eclipse.xtext.xtext.generator.parser.antlr.splitting.UnorderedGroupsSplitter::transfromLine@42 (line 76)
  0x00000211401d0360: 9c79 2cff 

  0x00000211401d0364: ;   {other}
  0x00000211401d0364: 0f1f 8400 | d409 0016 | bade ffff | ff44 8b54 | 2410 4489 | 5424 0848 | ff74 2418 | 488f 4424 
  0x00000211401d0384: 1048 8944 | 2418 6690 

  0x00000211401d038c: ;   {runtime_call UncommonTrapBlob}
  0x00000211401d038c: c5f8 77e8 

  0x00000211401d0390: ; ImmutableOopMap {rbp=Oop [0]=Oop [16]=Oop [24]=Oop }
                      ;*checkcast {reexecute=0 rethrow=0 return_oop=0}
                      ; - org.eclipse.xtext.xtext.generator.parser.antlr.splitting.UnorderedGroupsSplitter::transfromLine@47 (line 76)
  0x00000211401d0390: 6c79 2cff 

  0x00000211401d0394: ;   {other}
  0x00000211401d0394: 0f1f 8400 | 040a 0017 | baf6 ffff | ff66 6690 

  0x00000211401d03a4: ;   {runtime_call UncommonTrapBlob}
  0x00000211401d03a4: c5f8 77e8 

  0x00000211401d03a8: ; ImmutableOopMap {}
                      ;*invokevirtual trim {reexecute=0 rethrow=0 return_oop=0}
                      ; - org.eclipse.xtext.xtext.generator.parser.antlr.splitting.UnorderedGroupsSplitter::shouldSimplify@1 (line 122)
                      ; - org.eclipse.xtext.xtext.generator.parser.antlr.splitting.UnorderedGroupsSplitter::transfromLine@2 (line 72)
  0x00000211401d03a8: 5479 2cff 

  0x00000211401d03ac: ;   {other}
  0x00000211401d03ac: 0f1f 8400 | 1c0a 0018 | baf6 ffff | ff66 6690 

  0x00000211401d03bc: ;   {runtime_call UncommonTrapBlob}
  0x00000211401d03bc: c5f8 77e8 

  0x00000211401d03c0: ; ImmutableOopMap {}
                      ;*arraylength {reexecute=0 rethrow=0 return_oop=0}
                      ; - java.lang.String::length@4 (line 1519)
                      ; - java.lang.String::startsWith@6 (line 2285)
                      ; - java.lang.String::startsWith@3 (line 2327)
                      ; - org.eclipse.xtext.xtext.generator.parser.antlr.splitting.UnorderedGroupsSplitter::shouldSimplify@9 (line 123)
                      ; - org.eclipse.xtext.xtext.generator.parser.antlr.splitting.UnorderedGroupsSplitter::transfromLine@2 (line 72)
  0x00000211401d03c0: 3c79 2cff 

  0x00000211401d03c4: ;   {other}
  0x00000211401d03c4: 0f1f 8400 | 340a 0019 | baf6 ffff | ff66 6690 

  0x00000211401d03d4: ;   {runtime_call UncommonTrapBlob}
  0x00000211401d03d4: c5f8 77e8 

  0x00000211401d03d8: ; ImmutableOopMap {}
                      ;*arraylength {reexecute=0 rethrow=0 return_oop=0}
                      ; - java.lang.StringLatin1::trim@1 (line 571)
                      ; - java.lang.String::trim@11 (line 3779)
                      ; - org.eclipse.xtext.xtext.generator.parser.antlr.splitting.UnorderedGroupsSplitter::shouldSimplify@1 (line 122)
                      ; - org.eclipse.xtext.xtext.generator.parser.antlr.splitting.UnorderedGroupsSplitter::transfromLine@2 (line 72)
  0x00000211401d03d8: 2479 2cff 

  0x00000211401d03dc: ;   {other}
  0x00000211401d03dc: 0f1f 8400 | 4c0a 001a | eb28 488b | d0eb 2648 | 8bd0 eb21 | 488b d0eb | 1c48 8bd0 | eb17 488b 
  0x00000211401d03fc: d0eb 1248 | 8bd0 eb0d | 488b d0eb | 0848 8bd0 | eb03 488b | d0c5 f877 | 4883 c440 

  0x00000211401d0418: ;   {runtime_call _rethrow_Java}
  0x00000211401d0418: 5de9 620f | 3aff baf6 | ffff ff90 

  0x00000211401d0424: ;   {runtime_call UncommonTrapBlob}
  0x00000211401d0424: c5f8 77e8 

  0x00000211401d0428: ; ImmutableOopMap {}
                      ;*invokeinterface getContents {reexecute=0 rethrow=0 return_oop=0}
                      ; - org.eclipse.xtext.xtext.generator.parser.antlr.splitting.UnorderedGroupsSplitter::transfromLine@36 (line 76)
  0x00000211401d0428: d478 2cff 

  0x00000211401d042c: ;   {other}
  0x00000211401d042c: 0f1f 8400 | 9c0a 001b | baf6 ffff | ff66 6690 

  0x00000211401d043c: ;   {runtime_call UncommonTrapBlob}
  0x00000211401d043c: c5f8 77e8 

  0x00000211401d0440: ; ImmutableOopMap {}
                      ;*invokeinterface get {reexecute=0 rethrow=0 return_oop=0}
                      ; - org.eclipse.xtext.xtext.generator.parser.antlr.splitting.UnorderedGroupsSplitter::transfromLine@42 (line 76)
  0x00000211401d0440: bc78 2cff 

  0x00000211401d0444: ;   {other}
  0x00000211401d0444: 0f1f 8400 | b40a 001c | baf4 ffff | ff44 8b54 | 2410 4489 | 5424 0890 

  0x00000211401d045c: ;   {runtime_call UncommonTrapBlob}
  0x00000211401d045c: c5f8 77e8 

  0x00000211401d0460: ; ImmutableOopMap {rbp=Oop [0]=Oop [24]=Oop }
                      ;*checkcast {reexecute=0 rethrow=0 return_oop=0}
                      ; - org.eclipse.xtext.xtext.generator.parser.antlr.splitting.UnorderedGroupsSplitter::transfromLine@47 (line 76)
  0x00000211401d0460: 9c78 2cff 

  0x00000211401d0464: ;   {other}
  0x00000211401d0464: 0f1f 8400 | d40a 001d 

  0x00000211401d046c: ;   {internal_word}
  0x00000211401d046c: 49ba 65fd | 1c40 1102 | 0000 4d89 | 9760 0400 

  0x00000211401d047c: ;   {runtime_call SafepointBlob}
  0x00000211401d047c: 00e9 fe66 

  0x00000211401d0480: ;   {runtime_call StubRoutines (final stubs)}
  0x00000211401d0480: 2cff e839 | 582a ffe9 | aef7 ffff | f4f4 f4f4 
[Stub Code]
  0x00000211401d0490: ;   {no_reloc}
  0x00000211401d0490: 48bb 38ab | 8d92 1102 

  0x00000211401d0498: ;   {runtime_call I2C/C2I adapters}
  0x00000211401d0498: 0000 e9ec 

  0x00000211401d049c: ;   {static_stub}
  0x00000211401d049c: ab2b ff48 | bb00 0000 | 0000 0000 

  0x00000211401d04a8: ;   {runtime_call nmethod}
  0x00000211401d04a8: 00e9 fbff 

  0x00000211401d04ac: ;   {static_stub}
  0x00000211401d04ac: ffff 48bb | 0000 0000 | 0000 0000 

  0x00000211401d04b8: ;   {runtime_call nmethod}
  0x00000211401d04b8: e9fb ffff 

  0x00000211401d04bc: ;   {static_stub}
  0x00000211401d04bc: ff48 bb50 | be8d 9211 

  0x00000211401d04c4: ;   {runtime_call I2C/C2I adapters}
  0x00000211401d04c4: 0200 00e9 | 3b4a 2cff 

  0x00000211401d04cc: ;   {static_stub}
  0x00000211401d04cc: 48bb c0aa | 8d92 1102 

  0x00000211401d04d4: ;   {runtime_call I2C/C2I adapters}
  0x00000211401d04d4: 0000 e92c 

  0x00000211401d04d8: ;   {static_stub}
  0x00000211401d04d8: 4a2c ff48 | bb00 0000 | 0000 0000 

  0x00000211401d04e4: ;   {runtime_call nmethod}
  0x00000211401d04e4: 00e9 fbff 

  0x00000211401d04e8: ;   {static_stub}
  0x00000211401d04e8: ffff 48bb | 0000 0000 | 0000 0000 

  0x00000211401d04f4: ;   {runtime_call nmethod}
  0x00000211401d04f4: e9fb ffff 

  0x00000211401d04f8: ;   {static_stub}
  0x00000211401d04f8: ff48 bb78 | a98d 9211 

  0x00000211401d0500: ;   {runtime_call I2C/C2I adapters}
  0x00000211401d0500: 0200 00e9 | 0702 2eff 

  0x00000211401d0508: ;   {static_stub}
  0x00000211401d0508: 48bb 0000 | 0000 0000 

  0x00000211401d0510: ;   {runtime_call nmethod}
  0x00000211401d0510: 0000 e9fb 

  0x00000211401d0514: ;   {static_stub}
  0x00000211401d0514: ffff ff48 | bb00 0000 | 0000 0000 

  0x00000211401d0520: ;   {runtime_call nmethod}
  0x00000211401d0520: 00e9 fbff 

  0x00000211401d0524: ;   {runtime_call ExceptionBlob}
  0x00000211401d0524: ffff e955 | e439 ffe8 | 0000 0000 | 4883 2c24 

  0x00000211401d0534: ;   {runtime_call DeoptimizationBlob}
  0x00000211401d0534: 05e9 e67a | 2cff f4f4 | f4f4 f4f4 
[/MachCode]


---------------  P R O C E S S  ---------------

Threads class SMR info:
_java_thread_list=0x00000211980fdbc0, length=13, elements={
0x0000021134405fb0, 0x000002114eb2b520, 0x000002114eb2dc90, 0x000002114eb32b20,
0x000002114eb35680, 0x000002114eb36a20, 0x000002114eb37f70, 0x000002114eb3f2f0,
0x000002114eb41530, 0x0000021194112280, 0x000002119411f2a0, 0x0000021194fb3620,
0x0000021195ada2e0
}

Java Threads: ( => current thread )
=>0x0000021134405fb0 JavaThread "main"                              [_thread_in_vm, id=7904, stack(0x0000002b2ee00000,0x0000002b2ef00000) (1024K)]
  0x000002114eb2b520 JavaThread "Reference Handler"          daemon [_thread_blocked, id=20792, stack(0x0000002b2f600000,0x0000002b2f700000) (1024K)]
  0x000002114eb2dc90 JavaThread "Finalizer"                  daemon [_thread_blocked, id=14840, stack(0x0000002b2f700000,0x0000002b2f800000) (1024K)]
  0x000002114eb32b20 JavaThread "Signal Dispatcher"          daemon [_thread_blocked, id=13392, stack(0x0000002b2f800000,0x0000002b2f900000) (1024K)]
  0x000002114eb35680 JavaThread "Attach Listener"            daemon [_thread_blocked, id=12972, stack(0x0000002b2f900000,0x0000002b2fa00000) (1024K)]
  0x000002114eb36a20 JavaThread "Service Thread"             daemon [_thread_blocked, id=6396, stack(0x0000002b2fa00000,0x0000002b2fb00000) (1024K)]
  0x000002114eb37f70 JavaThread "Monitor Deflation Thread"   daemon [_thread_blocked, id=11120, stack(0x0000002b2fb00000,0x0000002b2fc00000) (1024K)]
  0x000002114eb3f2f0 JavaThread "C2 CompilerThread0"         daemon [_thread_blocked, id=12568, stack(0x0000002b2fc00000,0x0000002b2fd00000) (1024K)]
  0x000002114eb41530 JavaThread "C1 CompilerThread0"         daemon [_thread_blocked, id=14876, stack(0x0000002b2fd00000,0x0000002b2fe00000) (1024K)]
  0x0000021194112280 JavaThread "Notification Thread"        daemon [_thread_blocked, id=18104, stack(0x0000002b2fe00000,0x0000002b2ff00000) (1024K)]
  0x000002119411f2a0 JavaThread "Common-Cleaner"             daemon [_thread_blocked, id=17012, stack(0x0000002b2ff00000,0x0000002b30000000) (1024K)]
  0x0000021194fb3620 JavaThread "EMF Reference Cleaner"      daemon [_thread_blocked, id=19180, stack(0x0000002b30700000,0x0000002b30800000) (1024K)]
  0x0000021195ada2e0 JavaThread "C2 CompilerThread1"         daemon [_thread_blocked, id=14204, stack(0x0000002b30000000,0x0000002b30100000) (1024K)]
Total: 13

Other Threads:
  0x000002114eb0a6a0 VMThread "VM Thread"                           [id=14012, stack(0x0000002b2f500000,0x0000002b2f600000) (1024K)]
  0x000002114eaf8060 WatcherThread "VM Periodic Task Thread"        [id=22440, stack(0x0000002b2f400000,0x0000002b2f500000) (1024K)]
  0x000002113446b120 WorkerThread "GC Thread#0"                     [id=21696, stack(0x0000002b2ef00000,0x0000002b2f000000) (1024K)]
  0x000002114eb09820 WorkerThread "GC Thread#1"                     [id=17560, stack(0x0000002b30200000,0x0000002b30300000) (1024K)]
  0x000002114eb0ade0 WorkerThread "GC Thread#2"                     [id=20884, stack(0x0000002b30300000,0x0000002b30400000) (1024K)]
  0x000002114eb09bc0 WorkerThread "GC Thread#3"                     [id=14720, stack(0x0000002b30400000,0x0000002b30500000) (1024K)]
  0x000002114eb0b180 WorkerThread "GC Thread#4"                     [id=21380, stack(0x0000002b30500000,0x0000002b30600000) (1024K)]
  0x000002114eb09f60 WorkerThread "GC Thread#5"                     [id=2476, stack(0x0000002b30600000,0x0000002b30700000) (1024K)]
  0x000002114eb0aa40 WorkerThread "GC Thread#6"                     [id=16724, stack(0x0000002b30800000,0x0000002b30900000) (1024K)]
  0x0000021194a04e70 WorkerThread "GC Thread#7"                     [id=17808, stack(0x0000002b30900000,0x0000002b30a00000) (1024K)]
  0x000002113447c470 ConcurrentGCThread "G1 Main Marker"            [id=7572, stack(0x0000002b2f000000,0x0000002b2f100000) (1024K)]
  0x000002113447de90 WorkerThread "G1 Conc#0"                       [id=11244, stack(0x0000002b2f100000,0x0000002b2f200000) (1024K)]
  0x0000021194a079f0 WorkerThread "G1 Conc#1"                       [id=8876, stack(0x0000002b30a00000,0x0000002b30b00000) (1024K)]
  0x000002114e9ca990 ConcurrentGCThread "G1 Refine#0"               [id=16280, stack(0x0000002b2f200000,0x0000002b2f300000) (1024K)]
  0x000002114e9cb1b0 ConcurrentGCThread "G1 Service"                [id=21640, stack(0x0000002b2f300000,0x0000002b2f400000) (1024K)]
Total: 15

Threads with active compile tasks:
Total: 0

VM state: not at safepoint (normal execution)

VM Mutex/Monitor currently owned by a thread:  ([mutex/lock_event])
[0x00007ffa6f64d480] Heap_lock - owner thread: 0x0000021134405fb0

Heap address: 0x0000000704e00000, size: 4018 MB, Compressed Oops mode: Zero based, Oop shift amount: 3

CDS archive(s) mapped at: [0x000002114f000000-0x000002114fc80000-0x000002114fc80000), size 13107200, SharedBaseAddress: 0x000002114f000000, ArchiveRelocationMode: 1.
Compressed class space mapped at: 0x0000021150000000-0x0000021190000000, reserved size: 1073741824
Narrow klass base: 0x000002114f000000, Narrow klass shift: 0, Narrow klass range: 0x100000000

GC Precious Log:
 CardTable entry size: 512
 Card Set container configuration: InlinePtr #cards 4 size 8 Array Of Cards #cards 16 size 48 Howl #buckets 8 coarsen threshold 3686 Howl Bitmap #cards 512 size 80 coarsen threshold 460 Card regions per heap region 1 cards per card region 4096
 CPUs: 8 total, 8 available
 Memory: 16064M
 Large Page Support: Disabled
 NUMA Support: Disabled
 Compressed Oops: Enabled (Zero based)
 Heap Region Size: 2M
 Heap Min Capacity: 8M
 Heap Initial Capacity: 252M
 Heap Max Capacity: 4018M
 Pre-touch: Disabled
 Parallel Workers: 8
 Concurrent Workers: 2
 Concurrent Refinement Workers: 8
 Periodic GC: Disabled

Heap:
 garbage-first heap   total 1966080K, used 1939381K [0x0000000704e00000, 0x0000000800000000)
  region size 2048K, 15 young (30720K), 5 survivors (10240K)
 Metaspace       used 50010K, committed 50624K, reserved 1114112K
  class space    used 5054K, committed 5376K, reserved 1048576K

Heap Regions: E=young(eden), S=young(survivor), O=old, HS=humongous(starts), HC=humongous(continues), CS=collection set, F=free, TAMS=top-at-mark-start, PB=parsable bottom
|   0|0x0000000704e00000, 0x0000000705000000, 0x0000000705000000|100%| O|  |TAMS 0x0000000704e00000| PB 0x0000000704e00000| Untracked 
|   1|0x0000000705000000, 0x0000000705200000, 0x0000000705200000|100%| O|  |TAMS 0x0000000705000000| PB 0x0000000705000000| Untracked 
|   2|0x0000000705200000, 0x0000000705400000, 0x0000000705400000|100%| O|  |TAMS 0x0000000705200000| PB 0x0000000705200000| Untracked 
|   3|0x0000000705400000, 0x0000000705600000, 0x0000000705600000|100%| O|  |TAMS 0x0000000705400000| PB 0x0000000705400000| Untracked 
|   4|0x0000000705600000, 0x0000000705800000, 0x0000000705800000|100%| O|  |TAMS 0x0000000705600000| PB 0x0000000705600000| Untracked 
|   5|0x0000000705800000, 0x0000000705a00000, 0x0000000705a00000|100%| O|  |TAMS 0x0000000705800000| PB 0x0000000705800000| Untracked 
|   6|0x0000000705a00000, 0x0000000705c00000, 0x0000000705c00000|100%| O|  |TAMS 0x0000000705a00000| PB 0x0000000705a00000| Untracked 
|   7|0x0000000705c00000, 0x0000000705e00000, 0x0000000705e00000|100%| O|  |TAMS 0x0000000705c00000| PB 0x0000000705c00000| Untracked 
|   8|0x0000000705e00000, 0x0000000706000000, 0x0000000706000000|100%| O|  |TAMS 0x0000000705e00000| PB 0x0000000705e00000| Untracked 
|   9|0x0000000706000000, 0x0000000706200000, 0x0000000706200000|100%| O|  |TAMS 0x0000000706000000| PB 0x0000000706000000| Untracked 
|  10|0x0000000706200000, 0x0000000706400000, 0x0000000706400000|100%| O|  |TAMS 0x0000000706200000| PB 0x0000000706200000| Untracked 
|  11|0x0000000706400000, 0x0000000706600000, 0x0000000706600000|100%| O|  |TAMS 0x0000000706400000| PB 0x0000000706400000| Untracked 
|  12|0x0000000706600000, 0x0000000706800000, 0x0000000706800000|100%| O|  |TAMS 0x0000000706600000| PB 0x0000000706600000| Untracked 
|  13|0x0000000706800000, 0x0000000706a00000, 0x0000000706a00000|100%| O|  |TAMS 0x0000000706800000| PB 0x0000000706800000| Untracked 
|  14|0x0000000706a00000, 0x0000000706c00000, 0x0000000706c00000|100%| O|  |TAMS 0x0000000706a00000| PB 0x0000000706a00000| Untracked 
|  15|0x0000000706c00000, 0x0000000706e00000, 0x0000000706e00000|100%| O|  |TAMS 0x0000000706c00000| PB 0x0000000706c00000| Untracked 
|  16|0x0000000706e00000, 0x0000000707000000, 0x0000000707000000|100%| O|  |TAMS 0x0000000706e00000| PB 0x0000000706e00000| Untracked 
|  17|0x0000000707000000, 0x0000000707200000, 0x0000000707200000|100%| O|  |TAMS 0x0000000707000000| PB 0x0000000707000000| Untracked 
|  18|0x0000000707200000, 0x0000000707400000, 0x0000000707400000|100%| O|  |TAMS 0x0000000707200000| PB 0x0000000707200000| Untracked 
|  19|0x0000000707400000, 0x0000000707600000, 0x0000000707600000|100%| O|  |TAMS 0x0000000707400000| PB 0x0000000707400000| Untracked 
|  20|0x0000000707600000, 0x0000000707800000, 0x0000000707800000|100%| O|  |TAMS 0x0000000707600000| PB 0x0000000707600000| Untracked 
|  21|0x0000000707800000, 0x0000000707800000, 0x0000000707a00000|  0%| F|  |TAMS 0x0000000707800000| PB 0x0000000707800000| Untracked 
|  22|0x0000000707a00000, 0x0000000707c00000, 0x0000000707c00000|100%| O|  |TAMS 0x0000000707a00000| PB 0x0000000707a00000| Untracked 
|  23|0x0000000707c00000, 0x0000000707e00000, 0x0000000707e00000|100%| O|  |TAMS 0x0000000707c00000| PB 0x0000000707c00000| Untracked 
|  24|0x0000000707e00000, 0x0000000708000000, 0x0000000708000000|100%| O|  |TAMS 0x0000000707e00000| PB 0x0000000707e00000| Untracked 
|  25|0x0000000708000000, 0x0000000708000000, 0x0000000708200000|  0%| F|  |TAMS 0x0000000708000000| PB 0x0000000708000000| Untracked 
|  26|0x0000000708200000, 0x0000000708400000, 0x0000000708400000|100%| O|  |TAMS 0x0000000708200000| PB 0x0000000708200000| Untracked 
|  27|0x0000000708400000, 0x0000000708600000, 0x0000000708600000|100%| O|  |TAMS 0x0000000708400000| PB 0x0000000708400000| Untracked 
|  28|0x0000000708600000, 0x0000000708800000, 0x0000000708800000|100%| O|  |TAMS 0x0000000708600000| PB 0x0000000708600000| Untracked 
|  29|0x0000000708800000, 0x0000000708a00000, 0x0000000708a00000|100%| O|  |TAMS 0x0000000708800000| PB 0x0000000708800000| Untracked 
|  30|0x0000000708a00000, 0x0000000708c00000, 0x0000000708c00000|100%| O|  |TAMS 0x0000000708a00000| PB 0x0000000708a00000| Untracked 
|  31|0x0000000708c00000, 0x0000000708e00000, 0x0000000708e00000|100%| O|  |TAMS 0x0000000708c00000| PB 0x0000000708c00000| Untracked 
|  32|0x0000000708e00000, 0x0000000709000000, 0x0000000709000000|100%| O|  |TAMS 0x0000000708e00000| PB 0x0000000708e00000| Untracked 
|  33|0x0000000709000000, 0x0000000709200000, 0x0000000709200000|100%| O|  |TAMS 0x0000000709000000| PB 0x0000000709000000| Untracked 
|  34|0x0000000709200000, 0x0000000709400000, 0x0000000709400000|100%| O|  |TAMS 0x0000000709200000| PB 0x0000000709200000| Untracked 
|  35|0x0000000709400000, 0x0000000709600000, 0x0000000709600000|100%| O|  |TAMS 0x0000000709400000| PB 0x0000000709400000| Untracked 
|  36|0x0000000709600000, 0x0000000709800000, 0x0000000709800000|100%| O|  |TAMS 0x0000000709600000| PB 0x0000000709600000| Untracked 
|  37|0x0000000709800000, 0x0000000709a00000, 0x0000000709a00000|100%| O|  |TAMS 0x0000000709800000| PB 0x0000000709800000| Untracked 
|  38|0x0000000709a00000, 0x0000000709c00000, 0x0000000709c00000|100%| O|  |TAMS 0x0000000709a00000| PB 0x0000000709a00000| Untracked 
|  39|0x0000000709c00000, 0x0000000709e00000, 0x0000000709e00000|100%| O|  |TAMS 0x0000000709c00000| PB 0x0000000709c00000| Untracked 
|  40|0x0000000709e00000, 0x000000070a000000, 0x000000070a000000|100%| O|  |TAMS 0x0000000709e00000| PB 0x0000000709e00000| Untracked 
|  41|0x000000070a000000, 0x000000070a200000, 0x000000070a200000|100%| O|  |TAMS 0x000000070a000000| PB 0x000000070a000000| Untracked 
|  42|0x000000070a200000, 0x000000070a400000, 0x000000070a400000|100%| O|  |TAMS 0x000000070a200000| PB 0x000000070a200000| Untracked 
|  43|0x000000070a400000, 0x000000070a600000, 0x000000070a600000|100%| O|  |TAMS 0x000000070a400000| PB 0x000000070a400000| Untracked 
|  44|0x000000070a600000, 0x000000070a800000, 0x000000070a800000|100%| O|  |TAMS 0x000000070a600000| PB 0x000000070a600000| Untracked 
|  45|0x000000070a800000, 0x000000070aa00000, 0x000000070aa00000|100%| O|  |TAMS 0x000000070a800000| PB 0x000000070a800000| Untracked 
|  46|0x000000070aa00000, 0x000000070ac00000, 0x000000070ac00000|100%| O|  |TAMS 0x000000070aa00000| PB 0x000000070aa00000| Untracked 
|  47|0x000000070ac00000, 0x000000070ae00000, 0x000000070ae00000|100%| O|  |TAMS 0x000000070ac00000| PB 0x000000070ac00000| Untracked 
|  48|0x000000070ae00000, 0x000000070b000000, 0x000000070b000000|100%| O|  |TAMS 0x000000070ae00000| PB 0x000000070ae00000| Untracked 
|  49|0x000000070b000000, 0x000000070b200000, 0x000000070b200000|100%| O|  |TAMS 0x000000070b000000| PB 0x000000070b000000| Untracked 
|  50|0x000000070b200000, 0x000000070b400000, 0x000000070b400000|100%| O|  |TAMS 0x000000070b200000| PB 0x000000070b200000| Untracked 
|  51|0x000000070b400000, 0x000000070b400000, 0x000000070b600000|  0%| F|  |TAMS 0x000000070b400000| PB 0x000000070b400000| Untracked 
|  52|0x000000070b600000, 0x000000070b800000, 0x000000070b800000|100%| O|  |TAMS 0x000000070b600000| PB 0x000000070b600000| Untracked 
|  53|0x000000070b800000, 0x000000070b800000, 0x000000070ba00000|  0%| F|  |TAMS 0x000000070b800000| PB 0x000000070b800000| Untracked 
|  54|0x000000070ba00000, 0x000000070bc00000, 0x000000070bc00000|100%| O|  |TAMS 0x000000070ba00000| PB 0x000000070ba00000| Untracked 
|  55|0x000000070bc00000, 0x000000070bc00000, 0x000000070be00000|  0%| F|  |TAMS 0x000000070bc00000| PB 0x000000070bc00000| Untracked 
|  56|0x000000070be00000, 0x000000070c000000, 0x000000070c000000|100%| O|  |TAMS 0x000000070be00000| PB 0x000000070be00000| Untracked 
|  57|0x000000070c000000, 0x000000070c200000, 0x000000070c200000|100%| O|  |TAMS 0x000000070c000000| PB 0x000000070c000000| Untracked 
|  58|0x000000070c200000, 0x000000070c400000, 0x000000070c400000|100%| O|  |TAMS 0x000000070c200000| PB 0x000000070c200000| Untracked 
|  59|0x000000070c400000, 0x000000070c600000, 0x000000070c600000|100%| O|  |TAMS 0x000000070c400000| PB 0x000000070c400000| Untracked 
|  60|0x000000070c600000, 0x000000070c800000, 0x000000070c800000|100%| O|  |TAMS 0x000000070c600000| PB 0x000000070c600000| Untracked 
|  61|0x000000070c800000, 0x000000070ca00000, 0x000000070ca00000|100%| O|  |TAMS 0x000000070c800000| PB 0x000000070c800000| Untracked 
|  62|0x000000070ca00000, 0x000000070cc00000, 0x000000070cc00000|100%| O|  |TAMS 0x000000070ca00000| PB 0x000000070ca00000| Untracked 
|  63|0x000000070cc00000, 0x000000070ce00000, 0x000000070ce00000|100%| O|  |TAMS 0x000000070cc00000| PB 0x000000070cc00000| Untracked 
|  64|0x000000070ce00000, 0x000000070ce00000, 0x000000070d000000|  0%| F|  |TAMS 0x000000070ce00000| PB 0x000000070ce00000| Untracked 
|  65|0x000000070d000000, 0x000000070d200000, 0x000000070d200000|100%| O|Cm|TAMS 0x000000070d000000| PB 0x000000070d000000| Complete 
|  66|0x000000070d200000, 0x000000070d400000, 0x000000070d400000|100%| O|  |TAMS 0x000000070d200000| PB 0x000000070d200000| Untracked 
|  67|0x000000070d400000, 0x000000070d600000, 0x000000070d600000|100%| O|Cm|TAMS 0x000000070d400000| PB 0x000000070d400000| Complete 
|  68|0x000000070d600000, 0x000000070d600000, 0x000000070d800000|  0%| F|  |TAMS 0x000000070d600000| PB 0x000000070d600000| Untracked 
|  69|0x000000070d800000, 0x000000070da00000, 0x000000070da00000|100%| O|  |TAMS 0x000000070d800000| PB 0x000000070d800000| Untracked 
|  70|0x000000070da00000, 0x000000070dc00000, 0x000000070dc00000|100%| O|Cm|TAMS 0x000000070da00000| PB 0x000000070da00000| Complete 
|  71|0x000000070dc00000, 0x000000070de00000, 0x000000070de00000|100%| O|  |TAMS 0x000000070dc00000| PB 0x000000070dc00000| Untracked 
|  72|0x000000070de00000, 0x000000070e000000, 0x000000070e000000|100%| O|  |TAMS 0x000000070de00000| PB 0x000000070de00000| Untracked 
|  73|0x000000070e000000, 0x000000070e000000, 0x000000070e200000|  0%| F|  |TAMS 0x000000070e000000| PB 0x000000070e000000| Untracked 
|  74|0x000000070e200000, 0x000000070e400000, 0x000000070e400000|100%| O|  |TAMS 0x000000070e200000| PB 0x000000070e200000| Untracked 
|  75|0x000000070e400000, 0x000000070e600000, 0x000000070e600000|100%| O|  |TAMS 0x000000070e400000| PB 0x000000070e400000| Untracked 
|  76|0x000000070e600000, 0x000000070e800000, 0x000000070e800000|100%| O|  |TAMS 0x000000070e600000| PB 0x000000070e600000| Untracked 
|  77|0x000000070e800000, 0x000000070ea00000, 0x000000070ea00000|100%| O|Cm|TAMS 0x000000070e800000| PB 0x000000070e800000| Complete 
|  78|0x000000070ea00000, 0x000000070ec00000, 0x000000070ec00000|100%| O|Cm|TAMS 0x000000070ea00000| PB 0x000000070ea00000| Complete 
|  79|0x000000070ec00000, 0x000000070ec00000, 0x000000070ee00000|  0%| F|  |TAMS 0x000000070ec00000| PB 0x000000070ec00000| Untracked 
|  80|0x000000070ee00000, 0x000000070f000000, 0x000000070f000000|100%| O|  |TAMS 0x000000070ee00000| PB 0x000000070ee00000| Untracked 
|  81|0x000000070f000000, 0x000000070f200000, 0x000000070f200000|100%| O|  |TAMS 0x000000070f000000| PB 0x000000070f000000| Untracked 
|  82|0x000000070f200000, 0x000000070f400000, 0x000000070f400000|100%| O|  |TAMS 0x000000070f200000| PB 0x000000070f200000| Untracked 
|  83|0x000000070f400000, 0x000000070f600000, 0x000000070f600000|100%| O|  |TAMS 0x000000070f400000| PB 0x000000070f400000| Untracked 
|  84|0x000000070f600000, 0x000000070f600000, 0x000000070f800000|  0%| F|  |TAMS 0x000000070f600000| PB 0x000000070f600000| Untracked 
|  85|0x000000070f800000, 0x000000070f900000, 0x000000070fa00000| 50%| E|  |TAMS 0x000000070f800000| PB 0x000000070f800000| Complete 
|  86|0x000000070fa00000, 0x000000070fc00000, 0x000000070fc00000|100%| O|  |TAMS 0x000000070fa00000| PB 0x000000070fa00000| Untracked 
|  87|0x000000070fc00000, 0x000000070fe00000, 0x000000070fe00000|100%| O|  |TAMS 0x000000070fc00000| PB 0x000000070fc00000| Untracked 
|  88|0x000000070fe00000, 0x0000000710000000, 0x0000000710000000|100%| O|  |TAMS 0x000000070fe00000| PB 0x000000070fe00000| Untracked 
|  89|0x0000000710000000, 0x0000000710200000, 0x0000000710200000|100%| O|  |TAMS 0x0000000710000000| PB 0x0000000710000000| Untracked 
|  90|0x0000000710200000, 0x0000000710400000, 0x0000000710400000|100%| O|  |TAMS 0x0000000710200000| PB 0x0000000710200000| Untracked 
|  91|0x0000000710400000, 0x0000000710600000, 0x0000000710600000|100%| O|  |TAMS 0x0000000710400000| PB 0x0000000710400000| Untracked 
|  92|0x0000000710600000, 0x0000000710800000, 0x0000000710800000|100%| O|  |TAMS 0x0000000710600000| PB 0x0000000710600000| Untracked 
|  93|0x0000000710800000, 0x0000000710a00000, 0x0000000710a00000|100%| O|  |TAMS 0x0000000710800000| PB 0x0000000710800000| Untracked 
|  94|0x0000000710a00000, 0x0000000710c00000, 0x0000000710c00000|100%| O|  |TAMS 0x0000000710a00000| PB 0x0000000710a00000| Untracked 
|  95|0x0000000710c00000, 0x0000000710e00000, 0x0000000710e00000|100%| O|  |TAMS 0x0000000710c00000| PB 0x0000000710c00000| Untracked 
|  96|0x0000000710e00000, 0x0000000711000000, 0x0000000711000000|100%| O|  |TAMS 0x0000000710e00000| PB 0x0000000710e00000| Untracked 
|  97|0x0000000711000000, 0x0000000711200000, 0x0000000711200000|100%| O|  |TAMS 0x0000000711000000| PB 0x0000000711000000| Untracked 
|  98|0x0000000711200000, 0x0000000711400000, 0x0000000711400000|100%| O|  |TAMS 0x0000000711200000| PB 0x0000000711200000| Untracked 
|  99|0x0000000711400000, 0x0000000711600000, 0x0000000711600000|100%|HS|  |TAMS 0x0000000711400000| PB 0x0000000711400000| Complete 
| 100|0x0000000711600000, 0x0000000711800000, 0x0000000711800000|100%|HC|  |TAMS 0x0000000711600000| PB 0x0000000711600000| Complete 
| 101|0x0000000711800000, 0x0000000711a00000, 0x0000000711a00000|100%|HC|  |TAMS 0x0000000711800000| PB 0x0000000711800000| Complete 
| 102|0x0000000711a00000, 0x0000000711c00000, 0x0000000711c00000|100%|HC|  |TAMS 0x0000000711a00000| PB 0x0000000711a00000| Complete 
| 103|0x0000000711c00000, 0x0000000711e00000, 0x0000000711e00000|100%|HS|  |TAMS 0x0000000711c00000| PB 0x0000000711c00000| Complete 
| 104|0x0000000711e00000, 0x0000000712000000, 0x0000000712000000|100%|HC|  |TAMS 0x0000000711e00000| PB 0x0000000711e00000| Complete 
| 105|0x0000000712000000, 0x0000000712200000, 0x0000000712200000|100%|HC|  |TAMS 0x0000000712000000| PB 0x0000000712000000| Complete 
| 106|0x0000000712200000, 0x0000000712400000, 0x0000000712400000|100%|HC|  |TAMS 0x0000000712200000| PB 0x0000000712200000| Complete 
| 107|0x0000000712400000, 0x0000000712600000, 0x0000000712600000|100%|HS|  |TAMS 0x0000000712400000| PB 0x0000000712400000| Complete 
| 108|0x0000000712600000, 0x0000000712800000, 0x0000000712800000|100%|HC|  |TAMS 0x0000000712600000| PB 0x0000000712600000| Complete 
| 109|0x0000000712800000, 0x0000000712a00000, 0x0000000712a00000|100%|HC|  |TAMS 0x0000000712800000| PB 0x0000000712800000| Complete 
| 110|0x0000000712a00000, 0x0000000712c00000, 0x0000000712c00000|100%|HC|  |TAMS 0x0000000712a00000| PB 0x0000000712a00000| Complete 
| 111|0x0000000712c00000, 0x0000000712e00000, 0x0000000712e00000|100%|HS|  |TAMS 0x0000000712c00000| PB 0x0000000712c00000| Complete 
| 112|0x0000000712e00000, 0x0000000713000000, 0x0000000713000000|100%|HC|  |TAMS 0x0000000712e00000| PB 0x0000000712e00000| Complete 
| 113|0x0000000713000000, 0x0000000713200000, 0x0000000713200000|100%|HC|  |TAMS 0x0000000713000000| PB 0x0000000713000000| Complete 
| 114|0x0000000713200000, 0x0000000713400000, 0x0000000713400000|100%|HC|  |TAMS 0x0000000713200000| PB 0x0000000713200000| Complete 
| 115|0x0000000713400000, 0x0000000713600000, 0x0000000713600000|100%|HS|  |TAMS 0x0000000713400000| PB 0x0000000713400000| Complete 
| 116|0x0000000713600000, 0x0000000713800000, 0x0000000713800000|100%|HC|  |TAMS 0x0000000713600000| PB 0x0000000713600000| Complete 
| 117|0x0000000713800000, 0x0000000713a00000, 0x0000000713a00000|100%|HC|  |TAMS 0x0000000713800000| PB 0x0000000713800000| Complete 
| 118|0x0000000713a00000, 0x0000000713c00000, 0x0000000713c00000|100%|HC|  |TAMS 0x0000000713a00000| PB 0x0000000713a00000| Complete 
| 119|0x0000000713c00000, 0x0000000713e00000, 0x0000000713e00000|100%|HS|  |TAMS 0x0000000713c00000| PB 0x0000000713c00000| Complete 
| 120|0x0000000713e00000, 0x0000000714000000, 0x0000000714000000|100%|HC|  |TAMS 0x0000000713e00000| PB 0x0000000713e00000| Complete 
| 121|0x0000000714000000, 0x0000000714200000, 0x0000000714200000|100%|HC|  |TAMS 0x0000000714000000| PB 0x0000000714000000| Complete 
| 122|0x0000000714200000, 0x0000000714400000, 0x0000000714400000|100%|HC|  |TAMS 0x0000000714200000| PB 0x0000000714200000| Complete 
| 123|0x0000000714400000, 0x0000000714600000, 0x0000000714600000|100%|HS|  |TAMS 0x0000000714400000| PB 0x0000000714400000| Complete 
| 124|0x0000000714600000, 0x0000000714800000, 0x0000000714800000|100%|HC|  |TAMS 0x0000000714600000| PB 0x0000000714600000| Complete 
| 125|0x0000000714800000, 0x0000000714a00000, 0x0000000714a00000|100%|HC|  |TAMS 0x0000000714800000| PB 0x0000000714800000| Complete 
| 126|0x0000000714a00000, 0x0000000714c00000, 0x0000000714c00000|100%|HC|  |TAMS 0x0000000714a00000| PB 0x0000000714a00000| Complete 
| 127|0x0000000714c00000, 0x0000000714e00000, 0x0000000714e00000|100%|HS|  |TAMS 0x0000000714c00000| PB 0x0000000714c00000| Complete 
| 128|0x0000000714e00000, 0x0000000715000000, 0x0000000715000000|100%|HC|  |TAMS 0x0000000714e00000| PB 0x0000000714e00000| Complete 
| 129|0x0000000715000000, 0x0000000715200000, 0x0000000715200000|100%|HC|  |TAMS 0x0000000715000000| PB 0x0000000715000000| Complete 
| 130|0x0000000715200000, 0x0000000715400000, 0x0000000715400000|100%|HC|  |TAMS 0x0000000715200000| PB 0x0000000715200000| Complete 
| 131|0x0000000715400000, 0x0000000715600000, 0x0000000715600000|100%|HS|  |TAMS 0x0000000715400000| PB 0x0000000715400000| Complete 
| 132|0x0000000715600000, 0x0000000715800000, 0x0000000715800000|100%|HC|  |TAMS 0x0000000715600000| PB 0x0000000715600000| Complete 
| 133|0x0000000715800000, 0x0000000715a00000, 0x0000000715a00000|100%|HC|  |TAMS 0x0000000715800000| PB 0x0000000715800000| Complete 
| 134|0x0000000715a00000, 0x0000000715c00000, 0x0000000715c00000|100%|HC|  |TAMS 0x0000000715a00000| PB 0x0000000715a00000| Complete 
| 135|0x0000000715c00000, 0x0000000715e00000, 0x0000000715e00000|100%|HS|  |TAMS 0x0000000715c00000| PB 0x0000000715c00000| Complete 
| 136|0x0000000715e00000, 0x0000000716000000, 0x0000000716000000|100%|HC|  |TAMS 0x0000000715e00000| PB 0x0000000715e00000| Complete 
| 137|0x0000000716000000, 0x0000000716200000, 0x0000000716200000|100%|HC|  |TAMS 0x0000000716000000| PB 0x0000000716000000| Complete 
| 138|0x0000000716200000, 0x0000000716400000, 0x0000000716400000|100%|HC|  |TAMS 0x0000000716200000| PB 0x0000000716200000| Complete 
| 139|0x0000000716400000, 0x0000000716600000, 0x0000000716600000|100%|HS|  |TAMS 0x0000000716400000| PB 0x0000000716400000| Complete 
| 140|0x0000000716600000, 0x0000000716800000, 0x0000000716800000|100%|HC|  |TAMS 0x0000000716600000| PB 0x0000000716600000| Complete 
| 141|0x0000000716800000, 0x0000000716a00000, 0x0000000716a00000|100%|HC|  |TAMS 0x0000000716800000| PB 0x0000000716800000| Complete 
| 142|0x0000000716a00000, 0x0000000716c00000, 0x0000000716c00000|100%|HC|  |TAMS 0x0000000716a00000| PB 0x0000000716a00000| Complete 
| 143|0x0000000716c00000, 0x0000000716e00000, 0x0000000716e00000|100%|HS|  |TAMS 0x0000000716c00000| PB 0x0000000716c00000| Complete 
| 144|0x0000000716e00000, 0x0000000717000000, 0x0000000717000000|100%|HC|  |TAMS 0x0000000716e00000| PB 0x0000000716e00000| Complete 
| 145|0x0000000717000000, 0x0000000717200000, 0x0000000717200000|100%|HC|  |TAMS 0x0000000717000000| PB 0x0000000717000000| Complete 
| 146|0x0000000717200000, 0x0000000717400000, 0x0000000717400000|100%|HC|  |TAMS 0x0000000717200000| PB 0x0000000717200000| Complete 
| 147|0x0000000717400000, 0x0000000717600000, 0x0000000717600000|100%|HS|  |TAMS 0x0000000717400000| PB 0x0000000717400000| Complete 
| 148|0x0000000717600000, 0x0000000717800000, 0x0000000717800000|100%|HC|  |TAMS 0x0000000717600000| PB 0x0000000717600000| Complete 
| 149|0x0000000717800000, 0x0000000717a00000, 0x0000000717a00000|100%|HC|  |TAMS 0x0000000717800000| PB 0x0000000717800000| Complete 
| 150|0x0000000717a00000, 0x0000000717c00000, 0x0000000717c00000|100%|HC|  |TAMS 0x0000000717a00000| PB 0x0000000717a00000| Complete 
| 151|0x0000000717c00000, 0x0000000717e00000, 0x0000000717e00000|100%|HS|  |TAMS 0x0000000717c00000| PB 0x0000000717c00000| Complete 
| 152|0x0000000717e00000, 0x0000000718000000, 0x0000000718000000|100%|HC|  |TAMS 0x0000000717e00000| PB 0x0000000717e00000| Complete 
| 153|0x0000000718000000, 0x0000000718200000, 0x0000000718200000|100%|HC|  |TAMS 0x0000000718000000| PB 0x0000000718000000| Complete 
| 154|0x0000000718200000, 0x0000000718400000, 0x0000000718400000|100%|HC|  |TAMS 0x0000000718200000| PB 0x0000000718200000| Complete 
| 155|0x0000000718400000, 0x0000000718600000, 0x0000000718600000|100%|HS|  |TAMS 0x0000000718400000| PB 0x0000000718400000| Complete 
| 156|0x0000000718600000, 0x0000000718800000, 0x0000000718800000|100%|HC|  |TAMS 0x0000000718600000| PB 0x0000000718600000| Complete 
| 157|0x0000000718800000, 0x0000000718a00000, 0x0000000718a00000|100%|HC|  |TAMS 0x0000000718800000| PB 0x0000000718800000| Complete 
| 158|0x0000000718a00000, 0x0000000718c00000, 0x0000000718c00000|100%|HC|  |TAMS 0x0000000718a00000| PB 0x0000000718a00000| Complete 
| 159|0x0000000718c00000, 0x0000000718e00000, 0x0000000718e00000|100%|HS|  |TAMS 0x0000000718c00000| PB 0x0000000718c00000| Complete 
| 160|0x0000000718e00000, 0x0000000719000000, 0x0000000719000000|100%|HC|  |TAMS 0x0000000718e00000| PB 0x0000000718e00000| Complete 
| 161|0x0000000719000000, 0x0000000719200000, 0x0000000719200000|100%|HC|  |TAMS 0x0000000719000000| PB 0x0000000719000000| Complete 
| 162|0x0000000719200000, 0x0000000719400000, 0x0000000719400000|100%|HC|  |TAMS 0x0000000719200000| PB 0x0000000719200000| Complete 
| 163|0x0000000719400000, 0x0000000719600000, 0x0000000719600000|100%|HS|  |TAMS 0x0000000719400000| PB 0x0000000719400000| Complete 
| 164|0x0000000719600000, 0x0000000719800000, 0x0000000719800000|100%|HC|  |TAMS 0x0000000719600000| PB 0x0000000719600000| Complete 
| 165|0x0000000719800000, 0x0000000719a00000, 0x0000000719a00000|100%|HC|  |TAMS 0x0000000719800000| PB 0x0000000719800000| Complete 
| 166|0x0000000719a00000, 0x0000000719c00000, 0x0000000719c00000|100%|HC|  |TAMS 0x0000000719a00000| PB 0x0000000719a00000| Complete 
| 167|0x0000000719c00000, 0x0000000719e00000, 0x0000000719e00000|100%|HS|  |TAMS 0x0000000719c00000| PB 0x0000000719c00000| Complete 
| 168|0x0000000719e00000, 0x000000071a000000, 0x000000071a000000|100%|HC|  |TAMS 0x0000000719e00000| PB 0x0000000719e00000| Complete 
| 169|0x000000071a000000, 0x000000071a200000, 0x000000071a200000|100%|HC|  |TAMS 0x000000071a000000| PB 0x000000071a000000| Complete 
| 170|0x000000071a200000, 0x000000071a400000, 0x000000071a400000|100%|HC|  |TAMS 0x000000071a200000| PB 0x000000071a200000| Complete 
| 171|0x000000071a400000, 0x000000071a600000, 0x000000071a600000|100%|HS|  |TAMS 0x000000071a400000| PB 0x000000071a400000| Complete 
| 172|0x000000071a600000, 0x000000071a800000, 0x000000071a800000|100%|HC|  |TAMS 0x000000071a600000| PB 0x000000071a600000| Complete 
| 173|0x000000071a800000, 0x000000071aa00000, 0x000000071aa00000|100%|HC|  |TAMS 0x000000071a800000| PB 0x000000071a800000| Complete 
| 174|0x000000071aa00000, 0x000000071ac00000, 0x000000071ac00000|100%|HC|  |TAMS 0x000000071aa00000| PB 0x000000071aa00000| Complete 
| 175|0x000000071ac00000, 0x000000071ae00000, 0x000000071ae00000|100%|HS|  |TAMS 0x000000071ac00000| PB 0x000000071ac00000| Complete 
| 176|0x000000071ae00000, 0x000000071b000000, 0x000000071b000000|100%|HC|  |TAMS 0x000000071ae00000| PB 0x000000071ae00000| Complete 
| 177|0x000000071b000000, 0x000000071b200000, 0x000000071b200000|100%|HC|  |TAMS 0x000000071b000000| PB 0x000000071b000000| Complete 
| 178|0x000000071b200000, 0x000000071b400000, 0x000000071b400000|100%|HC|  |TAMS 0x000000071b200000| PB 0x000000071b200000| Complete 
| 179|0x000000071b400000, 0x000000071b600000, 0x000000071b600000|100%|HS|  |TAMS 0x000000071b400000| PB 0x000000071b400000| Complete 
| 180|0x000000071b600000, 0x000000071b800000, 0x000000071b800000|100%|HC|  |TAMS 0x000000071b600000| PB 0x000000071b600000| Complete 
| 181|0x000000071b800000, 0x000000071ba00000, 0x000000071ba00000|100%|HC|  |TAMS 0x000000071b800000| PB 0x000000071b800000| Complete 
| 182|0x000000071ba00000, 0x000000071bc00000, 0x000000071bc00000|100%|HC|  |TAMS 0x000000071ba00000| PB 0x000000071ba00000| Complete 
| 183|0x000000071bc00000, 0x000000071be00000, 0x000000071be00000|100%|HS|  |TAMS 0x000000071bc00000| PB 0x000000071bc00000| Complete 
| 184|0x000000071be00000, 0x000000071c000000, 0x000000071c000000|100%|HC|  |TAMS 0x000000071be00000| PB 0x000000071be00000| Complete 
| 185|0x000000071c000000, 0x000000071c200000, 0x000000071c200000|100%|HC|  |TAMS 0x000000071c000000| PB 0x000000071c000000| Complete 
| 186|0x000000071c200000, 0x000000071c400000, 0x000000071c400000|100%|HC|  |TAMS 0x000000071c200000| PB 0x000000071c200000| Complete 
| 187|0x000000071c400000, 0x000000071c600000, 0x000000071c600000|100%|HS|  |TAMS 0x000000071c400000| PB 0x000000071c400000| Complete 
| 188|0x000000071c600000, 0x000000071c800000, 0x000000071c800000|100%|HC|  |TAMS 0x000000071c600000| PB 0x000000071c600000| Complete 
| 189|0x000000071c800000, 0x000000071ca00000, 0x000000071ca00000|100%|HC|  |TAMS 0x000000071c800000| PB 0x000000071c800000| Complete 
| 190|0x000000071ca00000, 0x000000071cc00000, 0x000000071cc00000|100%|HC|  |TAMS 0x000000071ca00000| PB 0x000000071ca00000| Complete 
| 191|0x000000071cc00000, 0x000000071ce00000, 0x000000071ce00000|100%|HS|  |TAMS 0x000000071cc00000| PB 0x000000071cc00000| Complete 
| 192|0x000000071ce00000, 0x000000071d000000, 0x000000071d000000|100%|HC|  |TAMS 0x000000071ce00000| PB 0x000000071ce00000| Complete 
| 193|0x000000071d000000, 0x000000071d200000, 0x000000071d200000|100%|HC|  |TAMS 0x000000071d000000| PB 0x000000071d000000| Complete 
| 194|0x000000071d200000, 0x000000071d400000, 0x000000071d400000|100%|HC|  |TAMS 0x000000071d200000| PB 0x000000071d200000| Complete 
| 195|0x000000071d400000, 0x000000071d600000, 0x000000071d600000|100%|HS|  |TAMS 0x000000071d400000| PB 0x000000071d400000| Complete 
| 196|0x000000071d600000, 0x000000071d800000, 0x000000071d800000|100%|HC|  |TAMS 0x000000071d600000| PB 0x000000071d600000| Complete 
| 197|0x000000071d800000, 0x000000071da00000, 0x000000071da00000|100%|HC|  |TAMS 0x000000071d800000| PB 0x000000071d800000| Complete 
| 198|0x000000071da00000, 0x000000071dc00000, 0x000000071dc00000|100%|HC|  |TAMS 0x000000071da00000| PB 0x000000071da00000| Complete 
| 199|0x000000071dc00000, 0x000000071de00000, 0x000000071de00000|100%|HS|  |TAMS 0x000000071dc00000| PB 0x000000071dc00000| Complete 
| 200|0x000000071de00000, 0x000000071e000000, 0x000000071e000000|100%|HC|  |TAMS 0x000000071de00000| PB 0x000000071de00000| Complete 
| 201|0x000000071e000000, 0x000000071e200000, 0x000000071e200000|100%|HC|  |TAMS 0x000000071e000000| PB 0x000000071e000000| Complete 
| 202|0x000000071e200000, 0x000000071e400000, 0x000000071e400000|100%|HC|  |TAMS 0x000000071e200000| PB 0x000000071e200000| Complete 
| 203|0x000000071e400000, 0x000000071e600000, 0x000000071e600000|100%|HS|  |TAMS 0x000000071e400000| PB 0x000000071e400000| Complete 
| 204|0x000000071e600000, 0x000000071e800000, 0x000000071e800000|100%|HC|  |TAMS 0x000000071e600000| PB 0x000000071e600000| Complete 
| 205|0x000000071e800000, 0x000000071ea00000, 0x000000071ea00000|100%|HC|  |TAMS 0x000000071e800000| PB 0x000000071e800000| Complete 
| 206|0x000000071ea00000, 0x000000071ec00000, 0x000000071ec00000|100%|HC|  |TAMS 0x000000071ea00000| PB 0x000000071ea00000| Complete 
| 207|0x000000071ec00000, 0x000000071ee00000, 0x000000071ee00000|100%|HS|  |TAMS 0x000000071ec00000| PB 0x000000071ec00000| Complete 
| 208|0x000000071ee00000, 0x000000071f000000, 0x000000071f000000|100%|HC|  |TAMS 0x000000071ee00000| PB 0x000000071ee00000| Complete 
| 209|0x000000071f000000, 0x000000071f200000, 0x000000071f200000|100%|HC|  |TAMS 0x000000071f000000| PB 0x000000071f000000| Complete 
| 210|0x000000071f200000, 0x000000071f400000, 0x000000071f400000|100%|HC|  |TAMS 0x000000071f200000| PB 0x000000071f200000| Complete 
| 211|0x000000071f400000, 0x000000071f600000, 0x000000071f600000|100%|HS|  |TAMS 0x000000071f400000| PB 0x000000071f400000| Complete 
| 212|0x000000071f600000, 0x000000071f800000, 0x000000071f800000|100%|HC|  |TAMS 0x000000071f600000| PB 0x000000071f600000| Complete 
| 213|0x000000071f800000, 0x000000071fa00000, 0x000000071fa00000|100%|HC|  |TAMS 0x000000071f800000| PB 0x000000071f800000| Complete 
| 214|0x000000071fa00000, 0x000000071fc00000, 0x000000071fc00000|100%|HC|  |TAMS 0x000000071fa00000| PB 0x000000071fa00000| Complete 
| 215|0x000000071fc00000, 0x000000071fe00000, 0x000000071fe00000|100%|HS|  |TAMS 0x000000071fc00000| PB 0x000000071fc00000| Complete 
| 216|0x000000071fe00000, 0x0000000720000000, 0x0000000720000000|100%|HC|  |TAMS 0x000000071fe00000| PB 0x000000071fe00000| Complete 
| 217|0x0000000720000000, 0x0000000720200000, 0x0000000720200000|100%|HC|  |TAMS 0x0000000720000000| PB 0x0000000720000000| Complete 
| 218|0x0000000720200000, 0x0000000720400000, 0x0000000720400000|100%|HC|  |TAMS 0x0000000720200000| PB 0x0000000720200000| Complete 
| 219|0x0000000720400000, 0x0000000720600000, 0x0000000720600000|100%|HS|  |TAMS 0x0000000720400000| PB 0x0000000720400000| Complete 
| 220|0x0000000720600000, 0x0000000720800000, 0x0000000720800000|100%|HC|  |TAMS 0x0000000720600000| PB 0x0000000720600000| Complete 
| 221|0x0000000720800000, 0x0000000720a00000, 0x0000000720a00000|100%|HC|  |TAMS 0x0000000720800000| PB 0x0000000720800000| Complete 
| 222|0x0000000720a00000, 0x0000000720c00000, 0x0000000720c00000|100%|HC|  |TAMS 0x0000000720a00000| PB 0x0000000720a00000| Complete 
| 223|0x0000000720c00000, 0x0000000720e00000, 0x0000000720e00000|100%|HS|  |TAMS 0x0000000720c00000| PB 0x0000000720c00000| Complete 
| 224|0x0000000720e00000, 0x0000000721000000, 0x0000000721000000|100%|HC|  |TAMS 0x0000000720e00000| PB 0x0000000720e00000| Complete 
| 225|0x0000000721000000, 0x0000000721200000, 0x0000000721200000|100%|HC|  |TAMS 0x0000000721000000| PB 0x0000000721000000| Complete 
| 226|0x0000000721200000, 0x0000000721400000, 0x0000000721400000|100%|HC|  |TAMS 0x0000000721200000| PB 0x0000000721200000| Complete 
| 227|0x0000000721400000, 0x0000000721600000, 0x0000000721600000|100%|HS|  |TAMS 0x0000000721400000| PB 0x0000000721400000| Complete 
| 228|0x0000000721600000, 0x0000000721800000, 0x0000000721800000|100%|HC|  |TAMS 0x0000000721600000| PB 0x0000000721600000| Complete 
| 229|0x0000000721800000, 0x0000000721a00000, 0x0000000721a00000|100%|HC|  |TAMS 0x0000000721800000| PB 0x0000000721800000| Complete 
| 230|0x0000000721a00000, 0x0000000721c00000, 0x0000000721c00000|100%|HC|  |TAMS 0x0000000721a00000| PB 0x0000000721a00000| Complete 
| 231|0x0000000721c00000, 0x0000000721e00000, 0x0000000721e00000|100%|HS|  |TAMS 0x0000000721c00000| PB 0x0000000721c00000| Complete 
| 232|0x0000000721e00000, 0x0000000722000000, 0x0000000722000000|100%|HC|  |TAMS 0x0000000721e00000| PB 0x0000000721e00000| Complete 
| 233|0x0000000722000000, 0x0000000722200000, 0x0000000722200000|100%|HC|  |TAMS 0x0000000722000000| PB 0x0000000722000000| Complete 
| 234|0x0000000722200000, 0x0000000722400000, 0x0000000722400000|100%|HC|  |TAMS 0x0000000722200000| PB 0x0000000722200000| Complete 
| 235|0x0000000722400000, 0x0000000722600000, 0x0000000722600000|100%|HS|  |TAMS 0x0000000722400000| PB 0x0000000722400000| Complete 
| 236|0x0000000722600000, 0x0000000722800000, 0x0000000722800000|100%|HC|  |TAMS 0x0000000722600000| PB 0x0000000722600000| Complete 
| 237|0x0000000722800000, 0x0000000722a00000, 0x0000000722a00000|100%|HC|  |TAMS 0x0000000722800000| PB 0x0000000722800000| Complete 
| 238|0x0000000722a00000, 0x0000000722c00000, 0x0000000722c00000|100%|HC|  |TAMS 0x0000000722a00000| PB 0x0000000722a00000| Complete 
| 239|0x0000000722c00000, 0x0000000722e00000, 0x0000000722e00000|100%|HS|  |TAMS 0x0000000722c00000| PB 0x0000000722c00000| Complete 
| 240|0x0000000722e00000, 0x0000000723000000, 0x0000000723000000|100%|HC|  |TAMS 0x0000000722e00000| PB 0x0000000722e00000| Complete 
| 241|0x0000000723000000, 0x0000000723200000, 0x0000000723200000|100%|HC|  |TAMS 0x0000000723000000| PB 0x0000000723000000| Complete 
| 242|0x0000000723200000, 0x0000000723400000, 0x0000000723400000|100%|HC|  |TAMS 0x0000000723200000| PB 0x0000000723200000| Complete 
| 243|0x0000000723400000, 0x0000000723600000, 0x0000000723600000|100%|HS|  |TAMS 0x0000000723400000| PB 0x0000000723400000| Complete 
| 244|0x0000000723600000, 0x0000000723800000, 0x0000000723800000|100%|HC|  |TAMS 0x0000000723600000| PB 0x0000000723600000| Complete 
| 245|0x0000000723800000, 0x0000000723a00000, 0x0000000723a00000|100%|HC|  |TAMS 0x0000000723800000| PB 0x0000000723800000| Complete 
| 246|0x0000000723a00000, 0x0000000723c00000, 0x0000000723c00000|100%|HC|  |TAMS 0x0000000723a00000| PB 0x0000000723a00000| Complete 
| 247|0x0000000723c00000, 0x0000000723e00000, 0x0000000723e00000|100%|HS|  |TAMS 0x0000000723c00000| PB 0x0000000723c00000| Complete 
| 248|0x0000000723e00000, 0x0000000724000000, 0x0000000724000000|100%|HC|  |TAMS 0x0000000723e00000| PB 0x0000000723e00000| Complete 
| 249|0x0000000724000000, 0x0000000724200000, 0x0000000724200000|100%|HC|  |TAMS 0x0000000724000000| PB 0x0000000724000000| Complete 
| 250|0x0000000724200000, 0x0000000724400000, 0x0000000724400000|100%|HC|  |TAMS 0x0000000724200000| PB 0x0000000724200000| Complete 
| 251|0x0000000724400000, 0x0000000724600000, 0x0000000724600000|100%|HS|  |TAMS 0x0000000724400000| PB 0x0000000724400000| Complete 
| 252|0x0000000724600000, 0x0000000724800000, 0x0000000724800000|100%|HC|  |TAMS 0x0000000724600000| PB 0x0000000724600000| Complete 
| 253|0x0000000724800000, 0x0000000724a00000, 0x0000000724a00000|100%|HC|  |TAMS 0x0000000724800000| PB 0x0000000724800000| Complete 
| 254|0x0000000724a00000, 0x0000000724c00000, 0x0000000724c00000|100%|HC|  |TAMS 0x0000000724a00000| PB 0x0000000724a00000| Complete 
| 255|0x0000000724c00000, 0x0000000724e00000, 0x0000000724e00000|100%|HS|  |TAMS 0x0000000724c00000| PB 0x0000000724c00000| Complete 
| 256|0x0000000724e00000, 0x0000000725000000, 0x0000000725000000|100%|HC|  |TAMS 0x0000000724e00000| PB 0x0000000724e00000| Complete 
| 257|0x0000000725000000, 0x0000000725200000, 0x0000000725200000|100%|HC|  |TAMS 0x0000000725000000| PB 0x0000000725000000| Complete 
| 258|0x0000000725200000, 0x0000000725400000, 0x0000000725400000|100%|HC|  |TAMS 0x0000000725200000| PB 0x0000000725200000| Complete 
| 259|0x0000000725400000, 0x0000000725600000, 0x0000000725600000|100%|HS|  |TAMS 0x0000000725400000| PB 0x0000000725400000| Complete 
| 260|0x0000000725600000, 0x0000000725800000, 0x0000000725800000|100%|HC|  |TAMS 0x0000000725600000| PB 0x0000000725600000| Complete 
| 261|0x0000000725800000, 0x0000000725a00000, 0x0000000725a00000|100%|HC|  |TAMS 0x0000000725800000| PB 0x0000000725800000| Complete 
| 262|0x0000000725a00000, 0x0000000725c00000, 0x0000000725c00000|100%|HC|  |TAMS 0x0000000725a00000| PB 0x0000000725a00000| Complete 
| 263|0x0000000725c00000, 0x0000000725e00000, 0x0000000725e00000|100%|HS|  |TAMS 0x0000000725c00000| PB 0x0000000725c00000| Complete 
| 264|0x0000000725e00000, 0x0000000726000000, 0x0000000726000000|100%|HC|  |TAMS 0x0000000725e00000| PB 0x0000000725e00000| Complete 
| 265|0x0000000726000000, 0x0000000726200000, 0x0000000726200000|100%|HC|  |TAMS 0x0000000726000000| PB 0x0000000726000000| Complete 
| 266|0x0000000726200000, 0x0000000726400000, 0x0000000726400000|100%|HC|  |TAMS 0x0000000726200000| PB 0x0000000726200000| Complete 
| 267|0x0000000726400000, 0x0000000726600000, 0x0000000726600000|100%|HS|  |TAMS 0x0000000726400000| PB 0x0000000726400000| Complete 
| 268|0x0000000726600000, 0x0000000726800000, 0x0000000726800000|100%|HC|  |TAMS 0x0000000726600000| PB 0x0000000726600000| Complete 
| 269|0x0000000726800000, 0x0000000726a00000, 0x0000000726a00000|100%|HC|  |TAMS 0x0000000726800000| PB 0x0000000726800000| Complete 
| 270|0x0000000726a00000, 0x0000000726c00000, 0x0000000726c00000|100%|HC|  |TAMS 0x0000000726a00000| PB 0x0000000726a00000| Complete 
| 271|0x0000000726c00000, 0x0000000726e00000, 0x0000000726e00000|100%|HS|  |TAMS 0x0000000726c00000| PB 0x0000000726c00000| Complete 
| 272|0x0000000726e00000, 0x0000000727000000, 0x0000000727000000|100%|HC|  |TAMS 0x0000000726e00000| PB 0x0000000726e00000| Complete 
| 273|0x0000000727000000, 0x0000000727200000, 0x0000000727200000|100%|HC|  |TAMS 0x0000000727000000| PB 0x0000000727000000| Complete 
| 274|0x0000000727200000, 0x0000000727400000, 0x0000000727400000|100%|HC|  |TAMS 0x0000000727200000| PB 0x0000000727200000| Complete 
| 275|0x0000000727400000, 0x0000000727600000, 0x0000000727600000|100%| E|CS|TAMS 0x0000000727400000| PB 0x0000000727400000| Complete 
| 276|0x0000000727600000, 0x0000000727800000, 0x0000000727800000|100%| E|CS|TAMS 0x0000000727600000| PB 0x0000000727600000| Complete 
| 277|0x0000000727800000, 0x0000000727a00000, 0x0000000727a00000|100%| E|CS|TAMS 0x0000000727800000| PB 0x0000000727800000| Complete 
| 278|0x0000000727a00000, 0x0000000727c00000, 0x0000000727c00000|100%| E|CS|TAMS 0x0000000727a00000| PB 0x0000000727a00000| Complete 
| 279|0x0000000727c00000, 0x0000000727ced738, 0x0000000727e00000| 46%| S|CS|TAMS 0x0000000727c00000| PB 0x0000000727c00000| Complete 
| 280|0x0000000727e00000, 0x0000000728000000, 0x0000000728000000|100%| S|CS|TAMS 0x0000000727e00000| PB 0x0000000727e00000| Complete 
| 281|0x0000000728000000, 0x0000000728200000, 0x0000000728200000|100%| S|CS|TAMS 0x0000000728000000| PB 0x0000000728000000| Complete 
| 282|0x0000000728200000, 0x0000000728400000, 0x0000000728400000|100%| S|CS|TAMS 0x0000000728200000| PB 0x0000000728200000| Complete 
| 283|0x0000000728400000, 0x0000000728600000, 0x0000000728600000|100%| S|CS|TAMS 0x0000000728400000| PB 0x0000000728400000| Complete 
| 284|0x0000000728600000, 0x0000000728800000, 0x0000000728800000|100%| E|CS|TAMS 0x0000000728600000| PB 0x0000000728600000| Complete 
| 285|0x0000000728800000, 0x0000000728a00000, 0x0000000728a00000|100%|HS|  |TAMS 0x0000000728800000| PB 0x0000000728800000| Complete 
| 286|0x0000000728a00000, 0x0000000728c00000, 0x0000000728c00000|100%|HC|  |TAMS 0x0000000728a00000| PB 0x0000000728a00000| Complete 
| 287|0x0000000728c00000, 0x0000000728e00000, 0x0000000728e00000|100%|HC|  |TAMS 0x0000000728c00000| PB 0x0000000728c00000| Complete 
| 288|0x0000000728e00000, 0x0000000729000000, 0x0000000729000000|100%|HC|  |TAMS 0x0000000728e00000| PB 0x0000000728e00000| Complete 
| 289|0x0000000729000000, 0x0000000729200000, 0x0000000729200000|100%|HS|  |TAMS 0x0000000729000000| PB 0x0000000729000000| Complete 
| 290|0x0000000729200000, 0x0000000729400000, 0x0000000729400000|100%|HC|  |TAMS 0x0000000729200000| PB 0x0000000729200000| Complete 
| 291|0x0000000729400000, 0x0000000729600000, 0x0000000729600000|100%|HC|  |TAMS 0x0000000729400000| PB 0x0000000729400000| Complete 
| 292|0x0000000729600000, 0x0000000729800000, 0x0000000729800000|100%|HC|  |TAMS 0x0000000729600000| PB 0x0000000729600000| Complete 
| 293|0x0000000729800000, 0x0000000729a00000, 0x0000000729a00000|100%|HS|  |TAMS 0x0000000729800000| PB 0x0000000729800000| Complete 
| 294|0x0000000729a00000, 0x0000000729c00000, 0x0000000729c00000|100%|HC|  |TAMS 0x0000000729a00000| PB 0x0000000729a00000| Complete 
| 295|0x0000000729c00000, 0x0000000729e00000, 0x0000000729e00000|100%|HC|  |TAMS 0x0000000729c00000| PB 0x0000000729c00000| Complete 
| 296|0x0000000729e00000, 0x000000072a000000, 0x000000072a000000|100%|HC|  |TAMS 0x0000000729e00000| PB 0x0000000729e00000| Complete 
| 297|0x000000072a000000, 0x000000072a200000, 0x000000072a200000|100%|HS|  |TAMS 0x000000072a000000| PB 0x000000072a000000| Complete 
| 298|0x000000072a200000, 0x000000072a400000, 0x000000072a400000|100%|HC|  |TAMS 0x000000072a200000| PB 0x000000072a200000| Complete 
| 299|0x000000072a400000, 0x000000072a600000, 0x000000072a600000|100%|HC|  |TAMS 0x000000072a400000| PB 0x000000072a400000| Complete 
| 300|0x000000072a600000, 0x000000072a800000, 0x000000072a800000|100%|HC|  |TAMS 0x000000072a600000| PB 0x000000072a600000| Complete 
| 301|0x000000072a800000, 0x000000072aa00000, 0x000000072aa00000|100%|HS|  |TAMS 0x000000072a800000| PB 0x000000072a800000| Complete 
| 302|0x000000072aa00000, 0x000000072ac00000, 0x000000072ac00000|100%|HC|  |TAMS 0x000000072aa00000| PB 0x000000072aa00000| Complete 
| 303|0x000000072ac00000, 0x000000072ae00000, 0x000000072ae00000|100%|HC|  |TAMS 0x000000072ac00000| PB 0x000000072ac00000| Complete 
| 304|0x000000072ae00000, 0x000000072b000000, 0x000000072b000000|100%|HC|  |TAMS 0x000000072ae00000| PB 0x000000072ae00000| Complete 
| 305|0x000000072b000000, 0x000000072b200000, 0x000000072b200000|100%|HS|  |TAMS 0x000000072b000000| PB 0x000000072b000000| Complete 
| 306|0x000000072b200000, 0x000000072b400000, 0x000000072b400000|100%|HC|  |TAMS 0x000000072b200000| PB 0x000000072b200000| Complete 
| 307|0x000000072b400000, 0x000000072b600000, 0x000000072b600000|100%|HC|  |TAMS 0x000000072b400000| PB 0x000000072b400000| Complete 
| 308|0x000000072b600000, 0x000000072b800000, 0x000000072b800000|100%|HC|  |TAMS 0x000000072b600000| PB 0x000000072b600000| Complete 
| 309|0x000000072b800000, 0x000000072ba00000, 0x000000072ba00000|100%|HS|  |TAMS 0x000000072b800000| PB 0x000000072b800000| Complete 
| 310|0x000000072ba00000, 0x000000072bc00000, 0x000000072bc00000|100%|HC|  |TAMS 0x000000072ba00000| PB 0x000000072ba00000| Complete 
| 311|0x000000072bc00000, 0x000000072be00000, 0x000000072be00000|100%|HC|  |TAMS 0x000000072bc00000| PB 0x000000072bc00000| Complete 
| 312|0x000000072be00000, 0x000000072c000000, 0x000000072c000000|100%|HC|  |TAMS 0x000000072be00000| PB 0x000000072be00000| Complete 
| 313|0x000000072c000000, 0x000000072c200000, 0x000000072c200000|100%|HS|  |TAMS 0x000000072c000000| PB 0x000000072c000000| Complete 
| 314|0x000000072c200000, 0x000000072c400000, 0x000000072c400000|100%|HC|  |TAMS 0x000000072c200000| PB 0x000000072c200000| Complete 
| 315|0x000000072c400000, 0x000000072c600000, 0x000000072c600000|100%|HC|  |TAMS 0x000000072c400000| PB 0x000000072c400000| Complete 
| 316|0x000000072c600000, 0x000000072c800000, 0x000000072c800000|100%|HC|  |TAMS 0x000000072c600000| PB 0x000000072c600000| Complete 
| 317|0x000000072c800000, 0x000000072ca00000, 0x000000072ca00000|100%|HS|  |TAMS 0x000000072c800000| PB 0x000000072c800000| Complete 
| 318|0x000000072ca00000, 0x000000072cc00000, 0x000000072cc00000|100%|HC|  |TAMS 0x000000072ca00000| PB 0x000000072ca00000| Complete 
| 319|0x000000072cc00000, 0x000000072ce00000, 0x000000072ce00000|100%|HC|  |TAMS 0x000000072cc00000| PB 0x000000072cc00000| Complete 
| 320|0x000000072ce00000, 0x000000072d000000, 0x000000072d000000|100%|HC|  |TAMS 0x000000072ce00000| PB 0x000000072ce00000| Complete 
| 321|0x000000072d000000, 0x000000072d200000, 0x000000072d200000|100%|HS|  |TAMS 0x000000072d000000| PB 0x000000072d000000| Complete 
| 322|0x000000072d200000, 0x000000072d400000, 0x000000072d400000|100%|HC|  |TAMS 0x000000072d200000| PB 0x000000072d200000| Complete 
| 323|0x000000072d400000, 0x000000072d600000, 0x000000072d600000|100%|HC|  |TAMS 0x000000072d400000| PB 0x000000072d400000| Complete 
| 324|0x000000072d600000, 0x000000072d800000, 0x000000072d800000|100%|HC|  |TAMS 0x000000072d600000| PB 0x000000072d600000| Complete 
| 325|0x000000072d800000, 0x000000072da00000, 0x000000072da00000|100%|HS|  |TAMS 0x000000072d800000| PB 0x000000072d800000| Complete 
| 326|0x000000072da00000, 0x000000072dc00000, 0x000000072dc00000|100%|HC|  |TAMS 0x000000072da00000| PB 0x000000072da00000| Complete 
| 327|0x000000072dc00000, 0x000000072de00000, 0x000000072de00000|100%|HC|  |TAMS 0x000000072dc00000| PB 0x000000072dc00000| Complete 
| 328|0x000000072de00000, 0x000000072e000000, 0x000000072e000000|100%|HC|  |TAMS 0x000000072de00000| PB 0x000000072de00000| Complete 
| 329|0x000000072e000000, 0x000000072e200000, 0x000000072e200000|100%|HS|  |TAMS 0x000000072e000000| PB 0x000000072e000000| Complete 
| 330|0x000000072e200000, 0x000000072e400000, 0x000000072e400000|100%|HC|  |TAMS 0x000000072e200000| PB 0x000000072e200000| Complete 
| 331|0x000000072e400000, 0x000000072e600000, 0x000000072e600000|100%|HC|  |TAMS 0x000000072e400000| PB 0x000000072e400000| Complete 
| 332|0x000000072e600000, 0x000000072e800000, 0x000000072e800000|100%|HC|  |TAMS 0x000000072e600000| PB 0x000000072e600000| Complete 
| 333|0x000000072e800000, 0x000000072ea00000, 0x000000072ea00000|100%|HS|  |TAMS 0x000000072e800000| PB 0x000000072e800000| Complete 
| 334|0x000000072ea00000, 0x000000072ec00000, 0x000000072ec00000|100%|HC|  |TAMS 0x000000072ea00000| PB 0x000000072ea00000| Complete 
| 335|0x000000072ec00000, 0x000000072ee00000, 0x000000072ee00000|100%|HC|  |TAMS 0x000000072ec00000| PB 0x000000072ec00000| Complete 
| 336|0x000000072ee00000, 0x000000072f000000, 0x000000072f000000|100%|HC|  |TAMS 0x000000072ee00000| PB 0x000000072ee00000| Complete 
| 337|0x000000072f000000, 0x000000072f200000, 0x000000072f200000|100%|HS|  |TAMS 0x000000072f000000| PB 0x000000072f000000| Complete 
| 338|0x000000072f200000, 0x000000072f400000, 0x000000072f400000|100%|HC|  |TAMS 0x000000072f200000| PB 0x000000072f200000| Complete 
| 339|0x000000072f400000, 0x000000072f600000, 0x000000072f600000|100%|HC|  |TAMS 0x000000072f400000| PB 0x000000072f400000| Complete 
| 340|0x000000072f600000, 0x000000072f800000, 0x000000072f800000|100%|HC|  |TAMS 0x000000072f600000| PB 0x000000072f600000| Complete 
| 341|0x000000072f800000, 0x000000072fa00000, 0x000000072fa00000|100%|HS|  |TAMS 0x000000072f800000| PB 0x000000072f800000| Complete 
| 342|0x000000072fa00000, 0x000000072fc00000, 0x000000072fc00000|100%|HC|  |TAMS 0x000000072fa00000| PB 0x000000072fa00000| Complete 
| 343|0x000000072fc00000, 0x000000072fe00000, 0x000000072fe00000|100%|HC|  |TAMS 0x000000072fc00000| PB 0x000000072fc00000| Complete 
| 344|0x000000072fe00000, 0x0000000730000000, 0x0000000730000000|100%|HC|  |TAMS 0x000000072fe00000| PB 0x000000072fe00000| Complete 
| 345|0x0000000730000000, 0x0000000730200000, 0x0000000730200000|100%|HS|  |TAMS 0x0000000730000000| PB 0x0000000730000000| Complete 
| 346|0x0000000730200000, 0x0000000730400000, 0x0000000730400000|100%|HC|  |TAMS 0x0000000730200000| PB 0x0000000730200000| Complete 
| 347|0x0000000730400000, 0x0000000730600000, 0x0000000730600000|100%|HC|  |TAMS 0x0000000730400000| PB 0x0000000730400000| Complete 
| 348|0x0000000730600000, 0x0000000730800000, 0x0000000730800000|100%|HC|  |TAMS 0x0000000730600000| PB 0x0000000730600000| Complete 
| 349|0x0000000730800000, 0x0000000730a00000, 0x0000000730a00000|100%|HS|  |TAMS 0x0000000730800000| PB 0x0000000730800000| Complete 
| 350|0x0000000730a00000, 0x0000000730c00000, 0x0000000730c00000|100%|HC|  |TAMS 0x0000000730a00000| PB 0x0000000730a00000| Complete 
| 351|0x0000000730c00000, 0x0000000730e00000, 0x0000000730e00000|100%|HC|  |TAMS 0x0000000730c00000| PB 0x0000000730c00000| Complete 
| 352|0x0000000730e00000, 0x0000000731000000, 0x0000000731000000|100%|HC|  |TAMS 0x0000000730e00000| PB 0x0000000730e00000| Complete 
| 353|0x0000000731000000, 0x0000000731200000, 0x0000000731200000|100%|HS|  |TAMS 0x0000000731000000| PB 0x0000000731000000| Complete 
| 354|0x0000000731200000, 0x0000000731400000, 0x0000000731400000|100%|HC|  |TAMS 0x0000000731200000| PB 0x0000000731200000| Complete 
| 355|0x0000000731400000, 0x0000000731600000, 0x0000000731600000|100%|HC|  |TAMS 0x0000000731400000| PB 0x0000000731400000| Complete 
| 356|0x0000000731600000, 0x0000000731800000, 0x0000000731800000|100%|HC|  |TAMS 0x0000000731600000| PB 0x0000000731600000| Complete 
| 357|0x0000000731800000, 0x0000000731a00000, 0x0000000731a00000|100%|HS|  |TAMS 0x0000000731800000| PB 0x0000000731800000| Complete 
| 358|0x0000000731a00000, 0x0000000731c00000, 0x0000000731c00000|100%|HC|  |TAMS 0x0000000731a00000| PB 0x0000000731a00000| Complete 
| 359|0x0000000731c00000, 0x0000000731e00000, 0x0000000731e00000|100%|HC|  |TAMS 0x0000000731c00000| PB 0x0000000731c00000| Complete 
| 360|0x0000000731e00000, 0x0000000732000000, 0x0000000732000000|100%|HC|  |TAMS 0x0000000731e00000| PB 0x0000000731e00000| Complete 
| 361|0x0000000732000000, 0x0000000732200000, 0x0000000732200000|100%|HS|  |TAMS 0x0000000732000000| PB 0x0000000732000000| Complete 
| 362|0x0000000732200000, 0x0000000732400000, 0x0000000732400000|100%|HC|  |TAMS 0x0000000732200000| PB 0x0000000732200000| Complete 
| 363|0x0000000732400000, 0x0000000732600000, 0x0000000732600000|100%|HC|  |TAMS 0x0000000732400000| PB 0x0000000732400000| Complete 
| 364|0x0000000732600000, 0x0000000732800000, 0x0000000732800000|100%|HC|  |TAMS 0x0000000732600000| PB 0x0000000732600000| Complete 
| 365|0x0000000732800000, 0x0000000732a00000, 0x0000000732a00000|100%|HS|  |TAMS 0x0000000732800000| PB 0x0000000732800000| Complete 
| 366|0x0000000732a00000, 0x0000000732c00000, 0x0000000732c00000|100%|HC|  |TAMS 0x0000000732a00000| PB 0x0000000732a00000| Complete 
| 367|0x0000000732c00000, 0x0000000732e00000, 0x0000000732e00000|100%|HC|  |TAMS 0x0000000732c00000| PB 0x0000000732c00000| Complete 
| 368|0x0000000732e00000, 0x0000000733000000, 0x0000000733000000|100%|HC|  |TAMS 0x0000000732e00000| PB 0x0000000732e00000| Complete 
| 369|0x0000000733000000, 0x0000000733200000, 0x0000000733200000|100%|HS|  |TAMS 0x0000000733000000| PB 0x0000000733000000| Complete 
| 370|0x0000000733200000, 0x0000000733400000, 0x0000000733400000|100%|HC|  |TAMS 0x0000000733200000| PB 0x0000000733200000| Complete 
| 371|0x0000000733400000, 0x0000000733600000, 0x0000000733600000|100%|HC|  |TAMS 0x0000000733400000| PB 0x0000000733400000| Complete 
| 372|0x0000000733600000, 0x0000000733800000, 0x0000000733800000|100%|HC|  |TAMS 0x0000000733600000| PB 0x0000000733600000| Complete 
| 373|0x0000000733800000, 0x0000000733a00000, 0x0000000733a00000|100%|HS|  |TAMS 0x0000000733800000| PB 0x0000000733800000| Complete 
| 374|0x0000000733a00000, 0x0000000733c00000, 0x0000000733c00000|100%|HC|  |TAMS 0x0000000733a00000| PB 0x0000000733a00000| Complete 
| 375|0x0000000733c00000, 0x0000000733e00000, 0x0000000733e00000|100%|HC|  |TAMS 0x0000000733c00000| PB 0x0000000733c00000| Complete 
| 376|0x0000000733e00000, 0x0000000734000000, 0x0000000734000000|100%|HC|  |TAMS 0x0000000733e00000| PB 0x0000000733e00000| Complete 
| 377|0x0000000734000000, 0x0000000734200000, 0x0000000734200000|100%|HS|  |TAMS 0x0000000734000000| PB 0x0000000734000000| Complete 
| 378|0x0000000734200000, 0x0000000734400000, 0x0000000734400000|100%|HC|  |TAMS 0x0000000734200000| PB 0x0000000734200000| Complete 
| 379|0x0000000734400000, 0x0000000734600000, 0x0000000734600000|100%|HC|  |TAMS 0x0000000734400000| PB 0x0000000734400000| Complete 
| 380|0x0000000734600000, 0x0000000734800000, 0x0000000734800000|100%|HC|  |TAMS 0x0000000734600000| PB 0x0000000734600000| Complete 
| 381|0x0000000734800000, 0x0000000734a00000, 0x0000000734a00000|100%|HS|  |TAMS 0x0000000734800000| PB 0x0000000734800000| Complete 
| 382|0x0000000734a00000, 0x0000000734c00000, 0x0000000734c00000|100%|HC|  |TAMS 0x0000000734a00000| PB 0x0000000734a00000| Complete 
| 383|0x0000000734c00000, 0x0000000734e00000, 0x0000000734e00000|100%|HC|  |TAMS 0x0000000734c00000| PB 0x0000000734c00000| Complete 
| 384|0x0000000734e00000, 0x0000000735000000, 0x0000000735000000|100%|HC|  |TAMS 0x0000000734e00000| PB 0x0000000734e00000| Complete 
| 385|0x0000000735000000, 0x0000000735200000, 0x0000000735200000|100%|HS|  |TAMS 0x0000000735000000| PB 0x0000000735000000| Complete 
| 386|0x0000000735200000, 0x0000000735400000, 0x0000000735400000|100%|HC|  |TAMS 0x0000000735200000| PB 0x0000000735200000| Complete 
| 387|0x0000000735400000, 0x0000000735600000, 0x0000000735600000|100%|HC|  |TAMS 0x0000000735400000| PB 0x0000000735400000| Complete 
| 388|0x0000000735600000, 0x0000000735800000, 0x0000000735800000|100%|HC|  |TAMS 0x0000000735600000| PB 0x0000000735600000| Complete 
| 389|0x0000000735800000, 0x0000000735a00000, 0x0000000735a00000|100%|HS|  |TAMS 0x0000000735800000| PB 0x0000000735800000| Complete 
| 390|0x0000000735a00000, 0x0000000735c00000, 0x0000000735c00000|100%|HC|  |TAMS 0x0000000735a00000| PB 0x0000000735a00000| Complete 
| 391|0x0000000735c00000, 0x0000000735e00000, 0x0000000735e00000|100%|HC|  |TAMS 0x0000000735c00000| PB 0x0000000735c00000| Complete 
| 392|0x0000000735e00000, 0x0000000736000000, 0x0000000736000000|100%|HC|  |TAMS 0x0000000735e00000| PB 0x0000000735e00000| Complete 
| 393|0x0000000736000000, 0x0000000736200000, 0x0000000736200000|100%|HS|  |TAMS 0x0000000736000000| PB 0x0000000736000000| Complete 
| 394|0x0000000736200000, 0x0000000736400000, 0x0000000736400000|100%|HC|  |TAMS 0x0000000736200000| PB 0x0000000736200000| Complete 
| 395|0x0000000736400000, 0x0000000736600000, 0x0000000736600000|100%|HC|  |TAMS 0x0000000736400000| PB 0x0000000736400000| Complete 
| 396|0x0000000736600000, 0x0000000736800000, 0x0000000736800000|100%|HC|  |TAMS 0x0000000736600000| PB 0x0000000736600000| Complete 
| 397|0x0000000736800000, 0x0000000736a00000, 0x0000000736a00000|100%|HS|  |TAMS 0x0000000736800000| PB 0x0000000736800000| Complete 
| 398|0x0000000736a00000, 0x0000000736c00000, 0x0000000736c00000|100%|HC|  |TAMS 0x0000000736a00000| PB 0x0000000736a00000| Complete 
| 399|0x0000000736c00000, 0x0000000736e00000, 0x0000000736e00000|100%|HC|  |TAMS 0x0000000736c00000| PB 0x0000000736c00000| Complete 
| 400|0x0000000736e00000, 0x0000000737000000, 0x0000000737000000|100%|HC|  |TAMS 0x0000000736e00000| PB 0x0000000736e00000| Complete 
| 401|0x0000000737000000, 0x0000000737200000, 0x0000000737200000|100%|HS|  |TAMS 0x0000000737000000| PB 0x0000000737000000| Complete 
| 402|0x0000000737200000, 0x0000000737400000, 0x0000000737400000|100%|HC|  |TAMS 0x0000000737200000| PB 0x0000000737200000| Complete 
| 403|0x0000000737400000, 0x0000000737600000, 0x0000000737600000|100%|HC|  |TAMS 0x0000000737400000| PB 0x0000000737400000| Complete 
| 404|0x0000000737600000, 0x0000000737800000, 0x0000000737800000|100%|HC|  |TAMS 0x0000000737600000| PB 0x0000000737600000| Complete 
| 405|0x0000000737800000, 0x0000000737a00000, 0x0000000737a00000|100%|HS|  |TAMS 0x0000000737800000| PB 0x0000000737800000| Complete 
| 406|0x0000000737a00000, 0x0000000737c00000, 0x0000000737c00000|100%|HC|  |TAMS 0x0000000737a00000| PB 0x0000000737a00000| Complete 
| 407|0x0000000737c00000, 0x0000000737e00000, 0x0000000737e00000|100%|HC|  |TAMS 0x0000000737c00000| PB 0x0000000737c00000| Complete 
| 408|0x0000000737e00000, 0x0000000738000000, 0x0000000738000000|100%|HC|  |TAMS 0x0000000737e00000| PB 0x0000000737e00000| Complete 
| 409|0x0000000738000000, 0x0000000738200000, 0x0000000738200000|100%|HS|  |TAMS 0x0000000738000000| PB 0x0000000738000000| Complete 
| 410|0x0000000738200000, 0x0000000738400000, 0x0000000738400000|100%|HC|  |TAMS 0x0000000738200000| PB 0x0000000738200000| Complete 
| 411|0x0000000738400000, 0x0000000738600000, 0x0000000738600000|100%|HC|  |TAMS 0x0000000738400000| PB 0x0000000738400000| Complete 
| 412|0x0000000738600000, 0x0000000738800000, 0x0000000738800000|100%|HC|  |TAMS 0x0000000738600000| PB 0x0000000738600000| Complete 
| 413|0x0000000738800000, 0x0000000738a00000, 0x0000000738a00000|100%|HS|  |TAMS 0x0000000738800000| PB 0x0000000738800000| Complete 
| 414|0x0000000738a00000, 0x0000000738c00000, 0x0000000738c00000|100%|HC|  |TAMS 0x0000000738a00000| PB 0x0000000738a00000| Complete 
| 415|0x0000000738c00000, 0x0000000738e00000, 0x0000000738e00000|100%|HC|  |TAMS 0x0000000738c00000| PB 0x0000000738c00000| Complete 
| 416|0x0000000738e00000, 0x0000000739000000, 0x0000000739000000|100%|HC|  |TAMS 0x0000000738e00000| PB 0x0000000738e00000| Complete 
| 417|0x0000000739000000, 0x0000000739200000, 0x0000000739200000|100%|HS|  |TAMS 0x0000000739000000| PB 0x0000000739000000| Complete 
| 418|0x0000000739200000, 0x0000000739400000, 0x0000000739400000|100%|HC|  |TAMS 0x0000000739200000| PB 0x0000000739200000| Complete 
| 419|0x0000000739400000, 0x0000000739600000, 0x0000000739600000|100%|HC|  |TAMS 0x0000000739400000| PB 0x0000000739400000| Complete 
| 420|0x0000000739600000, 0x0000000739800000, 0x0000000739800000|100%|HC|  |TAMS 0x0000000739600000| PB 0x0000000739600000| Complete 
| 421|0x0000000739800000, 0x0000000739a00000, 0x0000000739a00000|100%|HS|  |TAMS 0x0000000739800000| PB 0x0000000739800000| Complete 
| 422|0x0000000739a00000, 0x0000000739c00000, 0x0000000739c00000|100%|HC|  |TAMS 0x0000000739a00000| PB 0x0000000739a00000| Complete 
| 423|0x0000000739c00000, 0x0000000739e00000, 0x0000000739e00000|100%|HC|  |TAMS 0x0000000739c00000| PB 0x0000000739c00000| Complete 
| 424|0x0000000739e00000, 0x000000073a000000, 0x000000073a000000|100%|HC|  |TAMS 0x0000000739e00000| PB 0x0000000739e00000| Complete 
| 425|0x000000073a000000, 0x000000073a200000, 0x000000073a200000|100%|HS|  |TAMS 0x000000073a000000| PB 0x000000073a000000| Complete 
| 426|0x000000073a200000, 0x000000073a400000, 0x000000073a400000|100%|HC|  |TAMS 0x000000073a200000| PB 0x000000073a200000| Complete 
| 427|0x000000073a400000, 0x000000073a600000, 0x000000073a600000|100%|HC|  |TAMS 0x000000073a400000| PB 0x000000073a400000| Complete 
| 428|0x000000073a600000, 0x000000073a800000, 0x000000073a800000|100%|HC|  |TAMS 0x000000073a600000| PB 0x000000073a600000| Complete 
| 429|0x000000073a800000, 0x000000073aa00000, 0x000000073aa00000|100%|HS|  |TAMS 0x000000073a800000| PB 0x000000073a800000| Complete 
| 430|0x000000073aa00000, 0x000000073ac00000, 0x000000073ac00000|100%|HC|  |TAMS 0x000000073aa00000| PB 0x000000073aa00000| Complete 
| 431|0x000000073ac00000, 0x000000073ae00000, 0x000000073ae00000|100%|HC|  |TAMS 0x000000073ac00000| PB 0x000000073ac00000| Complete 
| 432|0x000000073ae00000, 0x000000073b000000, 0x000000073b000000|100%|HC|  |TAMS 0x000000073ae00000| PB 0x000000073ae00000| Complete 
| 433|0x000000073b000000, 0x000000073b200000, 0x000000073b200000|100%|HS|  |TAMS 0x000000073b000000| PB 0x000000073b000000| Complete 
| 434|0x000000073b200000, 0x000000073b400000, 0x000000073b400000|100%|HC|  |TAMS 0x000000073b200000| PB 0x000000073b200000| Complete 
| 435|0x000000073b400000, 0x000000073b600000, 0x000000073b600000|100%|HC|  |TAMS 0x000000073b400000| PB 0x000000073b400000| Complete 
| 436|0x000000073b600000, 0x000000073b800000, 0x000000073b800000|100%|HC|  |TAMS 0x000000073b600000| PB 0x000000073b600000| Complete 
| 437|0x000000073b800000, 0x000000073ba00000, 0x000000073ba00000|100%|HS|  |TAMS 0x000000073b800000| PB 0x000000073b800000| Complete 
| 438|0x000000073ba00000, 0x000000073bc00000, 0x000000073bc00000|100%|HC|  |TAMS 0x000000073ba00000| PB 0x000000073ba00000| Complete 
| 439|0x000000073bc00000, 0x000000073be00000, 0x000000073be00000|100%|HC|  |TAMS 0x000000073bc00000| PB 0x000000073bc00000| Complete 
| 440|0x000000073be00000, 0x000000073c000000, 0x000000073c000000|100%|HC|  |TAMS 0x000000073be00000| PB 0x000000073be00000| Complete 
| 441|0x000000073c000000, 0x000000073c200000, 0x000000073c200000|100%|HS|  |TAMS 0x000000073c000000| PB 0x000000073c000000| Complete 
| 442|0x000000073c200000, 0x000000073c400000, 0x000000073c400000|100%|HC|  |TAMS 0x000000073c200000| PB 0x000000073c200000| Complete 
| 443|0x000000073c400000, 0x000000073c600000, 0x000000073c600000|100%|HC|  |TAMS 0x000000073c400000| PB 0x000000073c400000| Complete 
| 444|0x000000073c600000, 0x000000073c800000, 0x000000073c800000|100%|HC|  |TAMS 0x000000073c600000| PB 0x000000073c600000| Complete 
| 445|0x000000073c800000, 0x000000073ca00000, 0x000000073ca00000|100%|HS|  |TAMS 0x000000073c800000| PB 0x000000073c800000| Complete 
| 446|0x000000073ca00000, 0x000000073cc00000, 0x000000073cc00000|100%|HC|  |TAMS 0x000000073ca00000| PB 0x000000073ca00000| Complete 
| 447|0x000000073cc00000, 0x000000073ce00000, 0x000000073ce00000|100%|HC|  |TAMS 0x000000073cc00000| PB 0x000000073cc00000| Complete 
| 448|0x000000073ce00000, 0x000000073d000000, 0x000000073d000000|100%|HC|  |TAMS 0x000000073ce00000| PB 0x000000073ce00000| Complete 
| 449|0x000000073d000000, 0x000000073d200000, 0x000000073d200000|100%|HS|  |TAMS 0x000000073d000000| PB 0x000000073d000000| Complete 
| 450|0x000000073d200000, 0x000000073d400000, 0x000000073d400000|100%|HC|  |TAMS 0x000000073d200000| PB 0x000000073d200000| Complete 
| 451|0x000000073d400000, 0x000000073d600000, 0x000000073d600000|100%|HC|  |TAMS 0x000000073d400000| PB 0x000000073d400000| Complete 
| 452|0x000000073d600000, 0x000000073d800000, 0x000000073d800000|100%|HC|  |TAMS 0x000000073d600000| PB 0x000000073d600000| Complete 
| 453|0x000000073d800000, 0x000000073da00000, 0x000000073da00000|100%|HS|  |TAMS 0x000000073d800000| PB 0x000000073d800000| Complete 
| 454|0x000000073da00000, 0x000000073dc00000, 0x000000073dc00000|100%|HC|  |TAMS 0x000000073da00000| PB 0x000000073da00000| Complete 
| 455|0x000000073dc00000, 0x000000073de00000, 0x000000073de00000|100%|HC|  |TAMS 0x000000073dc00000| PB 0x000000073dc00000| Complete 
| 456|0x000000073de00000, 0x000000073e000000, 0x000000073e000000|100%|HC|  |TAMS 0x000000073de00000| PB 0x000000073de00000| Complete 
| 457|0x000000073e000000, 0x000000073e200000, 0x000000073e200000|100%|HS|  |TAMS 0x000000073e000000| PB 0x000000073e000000| Complete 
| 458|0x000000073e200000, 0x000000073e400000, 0x000000073e400000|100%|HC|  |TAMS 0x000000073e200000| PB 0x000000073e200000| Complete 
| 459|0x000000073e400000, 0x000000073e600000, 0x000000073e600000|100%|HC|  |TAMS 0x000000073e400000| PB 0x000000073e400000| Complete 
| 460|0x000000073e600000, 0x000000073e800000, 0x000000073e800000|100%|HC|  |TAMS 0x000000073e600000| PB 0x000000073e600000| Complete 
| 461|0x000000073e800000, 0x000000073ea00000, 0x000000073ea00000|100%|HS|  |TAMS 0x000000073e800000| PB 0x000000073e800000| Complete 
| 462|0x000000073ea00000, 0x000000073ec00000, 0x000000073ec00000|100%|HC|  |TAMS 0x000000073ea00000| PB 0x000000073ea00000| Complete 
| 463|0x000000073ec00000, 0x000000073ee00000, 0x000000073ee00000|100%|HC|  |TAMS 0x000000073ec00000| PB 0x000000073ec00000| Complete 
| 464|0x000000073ee00000, 0x000000073f000000, 0x000000073f000000|100%|HC|  |TAMS 0x000000073ee00000| PB 0x000000073ee00000| Complete 
| 465|0x000000073f000000, 0x000000073f200000, 0x000000073f200000|100%|HS|  |TAMS 0x000000073f000000| PB 0x000000073f000000| Complete 
| 466|0x000000073f200000, 0x000000073f400000, 0x000000073f400000|100%|HC|  |TAMS 0x000000073f200000| PB 0x000000073f200000| Complete 
| 467|0x000000073f400000, 0x000000073f600000, 0x000000073f600000|100%|HC|  |TAMS 0x000000073f400000| PB 0x000000073f400000| Complete 
| 468|0x000000073f600000, 0x000000073f800000, 0x000000073f800000|100%|HC|  |TAMS 0x000000073f600000| PB 0x000000073f600000| Complete 
| 469|0x000000073f800000, 0x000000073fa00000, 0x000000073fa00000|100%|HS|  |TAMS 0x000000073f800000| PB 0x000000073f800000| Complete 
| 470|0x000000073fa00000, 0x000000073fc00000, 0x000000073fc00000|100%|HC|  |TAMS 0x000000073fa00000| PB 0x000000073fa00000| Complete 
| 471|0x000000073fc00000, 0x000000073fe00000, 0x000000073fe00000|100%|HC|  |TAMS 0x000000073fc00000| PB 0x000000073fc00000| Complete 
| 472|0x000000073fe00000, 0x0000000740000000, 0x0000000740000000|100%|HC|  |TAMS 0x000000073fe00000| PB 0x000000073fe00000| Complete 
| 473|0x0000000740000000, 0x0000000740200000, 0x0000000740200000|100%|HS|  |TAMS 0x0000000740000000| PB 0x0000000740000000| Complete 
| 474|0x0000000740200000, 0x0000000740400000, 0x0000000740400000|100%|HC|  |TAMS 0x0000000740200000| PB 0x0000000740200000| Complete 
| 475|0x0000000740400000, 0x0000000740600000, 0x0000000740600000|100%|HC|  |TAMS 0x0000000740400000| PB 0x0000000740400000| Complete 
| 476|0x0000000740600000, 0x0000000740800000, 0x0000000740800000|100%|HC|  |TAMS 0x0000000740600000| PB 0x0000000740600000| Complete 
| 477|0x0000000740800000, 0x0000000740a00000, 0x0000000740a00000|100%|HS|  |TAMS 0x0000000740800000| PB 0x0000000740800000| Complete 
| 478|0x0000000740a00000, 0x0000000740c00000, 0x0000000740c00000|100%|HC|  |TAMS 0x0000000740a00000| PB 0x0000000740a00000| Complete 
| 479|0x0000000740c00000, 0x0000000740e00000, 0x0000000740e00000|100%|HC|  |TAMS 0x0000000740c00000| PB 0x0000000740c00000| Complete 
| 480|0x0000000740e00000, 0x0000000741000000, 0x0000000741000000|100%|HC|  |TAMS 0x0000000740e00000| PB 0x0000000740e00000| Complete 
| 481|0x0000000741000000, 0x0000000741200000, 0x0000000741200000|100%|HS|  |TAMS 0x0000000741000000| PB 0x0000000741000000| Complete 
| 482|0x0000000741200000, 0x0000000741400000, 0x0000000741400000|100%|HC|  |TAMS 0x0000000741200000| PB 0x0000000741200000| Complete 
| 483|0x0000000741400000, 0x0000000741600000, 0x0000000741600000|100%|HC|  |TAMS 0x0000000741400000| PB 0x0000000741400000| Complete 
| 484|0x0000000741600000, 0x0000000741800000, 0x0000000741800000|100%|HC|  |TAMS 0x0000000741600000| PB 0x0000000741600000| Complete 
| 485|0x0000000741800000, 0x0000000741a00000, 0x0000000741a00000|100%|HS|  |TAMS 0x0000000741800000| PB 0x0000000741800000| Complete 
| 486|0x0000000741a00000, 0x0000000741c00000, 0x0000000741c00000|100%|HC|  |TAMS 0x0000000741a00000| PB 0x0000000741a00000| Complete 
| 487|0x0000000741c00000, 0x0000000741e00000, 0x0000000741e00000|100%|HC|  |TAMS 0x0000000741c00000| PB 0x0000000741c00000| Complete 
| 488|0x0000000741e00000, 0x0000000742000000, 0x0000000742000000|100%|HC|  |TAMS 0x0000000741e00000| PB 0x0000000741e00000| Complete 
| 489|0x0000000742000000, 0x0000000742200000, 0x0000000742200000|100%|HS|  |TAMS 0x0000000742000000| PB 0x0000000742000000| Complete 
| 490|0x0000000742200000, 0x0000000742400000, 0x0000000742400000|100%|HC|  |TAMS 0x0000000742200000| PB 0x0000000742200000| Complete 
| 491|0x0000000742400000, 0x0000000742600000, 0x0000000742600000|100%|HC|  |TAMS 0x0000000742400000| PB 0x0000000742400000| Complete 
| 492|0x0000000742600000, 0x0000000742800000, 0x0000000742800000|100%|HC|  |TAMS 0x0000000742600000| PB 0x0000000742600000| Complete 
| 493|0x0000000742800000, 0x0000000742a00000, 0x0000000742a00000|100%|HS|  |TAMS 0x0000000742800000| PB 0x0000000742800000| Complete 
| 494|0x0000000742a00000, 0x0000000742c00000, 0x0000000742c00000|100%|HC|  |TAMS 0x0000000742a00000| PB 0x0000000742a00000| Complete 
| 495|0x0000000742c00000, 0x0000000742e00000, 0x0000000742e00000|100%|HC|  |TAMS 0x0000000742c00000| PB 0x0000000742c00000| Complete 
| 496|0x0000000742e00000, 0x0000000743000000, 0x0000000743000000|100%|HC|  |TAMS 0x0000000742e00000| PB 0x0000000742e00000| Complete 
| 497|0x0000000743000000, 0x0000000743200000, 0x0000000743200000|100%|HS|  |TAMS 0x0000000743000000| PB 0x0000000743000000| Complete 
| 498|0x0000000743200000, 0x0000000743400000, 0x0000000743400000|100%|HC|  |TAMS 0x0000000743200000| PB 0x0000000743200000| Complete 
| 499|0x0000000743400000, 0x0000000743600000, 0x0000000743600000|100%|HC|  |TAMS 0x0000000743400000| PB 0x0000000743400000| Complete 
| 500|0x0000000743600000, 0x0000000743800000, 0x0000000743800000|100%|HC|  |TAMS 0x0000000743600000| PB 0x0000000743600000| Complete 
| 501|0x0000000743800000, 0x0000000743a00000, 0x0000000743a00000|100%|HS|  |TAMS 0x0000000743800000| PB 0x0000000743800000| Complete 
| 502|0x0000000743a00000, 0x0000000743c00000, 0x0000000743c00000|100%|HC|  |TAMS 0x0000000743a00000| PB 0x0000000743a00000| Complete 
| 503|0x0000000743c00000, 0x0000000743e00000, 0x0000000743e00000|100%|HC|  |TAMS 0x0000000743c00000| PB 0x0000000743c00000| Complete 
| 504|0x0000000743e00000, 0x0000000744000000, 0x0000000744000000|100%|HC|  |TAMS 0x0000000743e00000| PB 0x0000000743e00000| Complete 
| 505|0x0000000744000000, 0x0000000744200000, 0x0000000744200000|100%|HS|  |TAMS 0x0000000744000000| PB 0x0000000744000000| Complete 
| 506|0x0000000744200000, 0x0000000744400000, 0x0000000744400000|100%|HC|  |TAMS 0x0000000744200000| PB 0x0000000744200000| Complete 
| 507|0x0000000744400000, 0x0000000744600000, 0x0000000744600000|100%|HC|  |TAMS 0x0000000744400000| PB 0x0000000744400000| Complete 
| 508|0x0000000744600000, 0x0000000744800000, 0x0000000744800000|100%|HC|  |TAMS 0x0000000744600000| PB 0x0000000744600000| Complete 
| 509|0x0000000744800000, 0x0000000744a00000, 0x0000000744a00000|100%|HS|  |TAMS 0x0000000744800000| PB 0x0000000744800000| Complete 
| 510|0x0000000744a00000, 0x0000000744c00000, 0x0000000744c00000|100%|HC|  |TAMS 0x0000000744a00000| PB 0x0000000744a00000| Complete 
| 511|0x0000000744c00000, 0x0000000744e00000, 0x0000000744e00000|100%|HC|  |TAMS 0x0000000744c00000| PB 0x0000000744c00000| Complete 
| 512|0x0000000744e00000, 0x0000000745000000, 0x0000000745000000|100%|HC|  |TAMS 0x0000000744e00000| PB 0x0000000744e00000| Complete 
| 513|0x0000000745000000, 0x0000000745200000, 0x0000000745200000|100%|HS|  |TAMS 0x0000000745000000| PB 0x0000000745000000| Complete 
| 514|0x0000000745200000, 0x0000000745400000, 0x0000000745400000|100%|HC|  |TAMS 0x0000000745200000| PB 0x0000000745200000| Complete 
| 515|0x0000000745400000, 0x0000000745600000, 0x0000000745600000|100%|HC|  |TAMS 0x0000000745400000| PB 0x0000000745400000| Complete 
| 516|0x0000000745600000, 0x0000000745800000, 0x0000000745800000|100%|HC|  |TAMS 0x0000000745600000| PB 0x0000000745600000| Complete 
| 517|0x0000000745800000, 0x0000000745a00000, 0x0000000745a00000|100%|HS|  |TAMS 0x0000000745800000| PB 0x0000000745800000| Complete 
| 518|0x0000000745a00000, 0x0000000745c00000, 0x0000000745c00000|100%|HC|  |TAMS 0x0000000745a00000| PB 0x0000000745a00000| Complete 
| 519|0x0000000745c00000, 0x0000000745e00000, 0x0000000745e00000|100%|HC|  |TAMS 0x0000000745c00000| PB 0x0000000745c00000| Complete 
| 520|0x0000000745e00000, 0x0000000746000000, 0x0000000746000000|100%|HC|  |TAMS 0x0000000745e00000| PB 0x0000000745e00000| Complete 
| 521|0x0000000746000000, 0x0000000746200000, 0x0000000746200000|100%|HS|  |TAMS 0x0000000746000000| PB 0x0000000746000000| Complete 
| 522|0x0000000746200000, 0x0000000746400000, 0x0000000746400000|100%|HC|  |TAMS 0x0000000746200000| PB 0x0000000746200000| Complete 
| 523|0x0000000746400000, 0x0000000746600000, 0x0000000746600000|100%|HC|  |TAMS 0x0000000746400000| PB 0x0000000746400000| Complete 
| 524|0x0000000746600000, 0x0000000746800000, 0x0000000746800000|100%|HC|  |TAMS 0x0000000746600000| PB 0x0000000746600000| Complete 
| 525|0x0000000746800000, 0x0000000746a00000, 0x0000000746a00000|100%|HS|  |TAMS 0x0000000746800000| PB 0x0000000746800000| Complete 
| 526|0x0000000746a00000, 0x0000000746c00000, 0x0000000746c00000|100%|HC|  |TAMS 0x0000000746a00000| PB 0x0000000746a00000| Complete 
| 527|0x0000000746c00000, 0x0000000746e00000, 0x0000000746e00000|100%|HC|  |TAMS 0x0000000746c00000| PB 0x0000000746c00000| Complete 
| 528|0x0000000746e00000, 0x0000000747000000, 0x0000000747000000|100%|HC|  |TAMS 0x0000000746e00000| PB 0x0000000746e00000| Complete 
| 529|0x0000000747000000, 0x0000000747200000, 0x0000000747200000|100%|HS|  |TAMS 0x0000000747000000| PB 0x0000000747000000| Complete 
| 530|0x0000000747200000, 0x0000000747400000, 0x0000000747400000|100%|HC|  |TAMS 0x0000000747200000| PB 0x0000000747200000| Complete 
| 531|0x0000000747400000, 0x0000000747600000, 0x0000000747600000|100%|HC|  |TAMS 0x0000000747400000| PB 0x0000000747400000| Complete 
| 532|0x0000000747600000, 0x0000000747800000, 0x0000000747800000|100%|HC|  |TAMS 0x0000000747600000| PB 0x0000000747600000| Complete 
| 533|0x0000000747800000, 0x0000000747a00000, 0x0000000747a00000|100%|HS|  |TAMS 0x0000000747800000| PB 0x0000000747800000| Complete 
| 534|0x0000000747a00000, 0x0000000747c00000, 0x0000000747c00000|100%|HC|  |TAMS 0x0000000747a00000| PB 0x0000000747a00000| Complete 
| 535|0x0000000747c00000, 0x0000000747e00000, 0x0000000747e00000|100%|HC|  |TAMS 0x0000000747c00000| PB 0x0000000747c00000| Complete 
| 536|0x0000000747e00000, 0x0000000748000000, 0x0000000748000000|100%|HC|  |TAMS 0x0000000747e00000| PB 0x0000000747e00000| Complete 
| 537|0x0000000748000000, 0x0000000748200000, 0x0000000748200000|100%|HS|  |TAMS 0x0000000748000000| PB 0x0000000748000000| Complete 
| 538|0x0000000748200000, 0x0000000748400000, 0x0000000748400000|100%|HC|  |TAMS 0x0000000748200000| PB 0x0000000748200000| Complete 
| 539|0x0000000748400000, 0x0000000748600000, 0x0000000748600000|100%|HC|  |TAMS 0x0000000748400000| PB 0x0000000748400000| Complete 
| 540|0x0000000748600000, 0x0000000748800000, 0x0000000748800000|100%|HC|  |TAMS 0x0000000748600000| PB 0x0000000748600000| Complete 
| 541|0x0000000748800000, 0x0000000748a00000, 0x0000000748a00000|100%|HS|  |TAMS 0x0000000748800000| PB 0x0000000748800000| Complete 
| 542|0x0000000748a00000, 0x0000000748c00000, 0x0000000748c00000|100%|HC|  |TAMS 0x0000000748a00000| PB 0x0000000748a00000| Complete 
| 543|0x0000000748c00000, 0x0000000748e00000, 0x0000000748e00000|100%|HC|  |TAMS 0x0000000748c00000| PB 0x0000000748c00000| Complete 
| 544|0x0000000748e00000, 0x0000000749000000, 0x0000000749000000|100%|HC|  |TAMS 0x0000000748e00000| PB 0x0000000748e00000| Complete 
| 545|0x0000000749000000, 0x0000000749200000, 0x0000000749200000|100%|HS|  |TAMS 0x0000000749000000| PB 0x0000000749000000| Complete 
| 546|0x0000000749200000, 0x0000000749400000, 0x0000000749400000|100%|HC|  |TAMS 0x0000000749200000| PB 0x0000000749200000| Complete 
| 547|0x0000000749400000, 0x0000000749600000, 0x0000000749600000|100%|HC|  |TAMS 0x0000000749400000| PB 0x0000000749400000| Complete 
| 548|0x0000000749600000, 0x0000000749800000, 0x0000000749800000|100%|HC|  |TAMS 0x0000000749600000| PB 0x0000000749600000| Complete 
| 549|0x0000000749800000, 0x0000000749a00000, 0x0000000749a00000|100%|HS|  |TAMS 0x0000000749800000| PB 0x0000000749800000| Complete 
| 550|0x0000000749a00000, 0x0000000749c00000, 0x0000000749c00000|100%|HC|  |TAMS 0x0000000749a00000| PB 0x0000000749a00000| Complete 
| 551|0x0000000749c00000, 0x0000000749e00000, 0x0000000749e00000|100%|HC|  |TAMS 0x0000000749c00000| PB 0x0000000749c00000| Complete 
| 552|0x0000000749e00000, 0x000000074a000000, 0x000000074a000000|100%|HC|  |TAMS 0x0000000749e00000| PB 0x0000000749e00000| Complete 
| 553|0x000000074a000000, 0x000000074a200000, 0x000000074a200000|100%|HS|  |TAMS 0x000000074a000000| PB 0x000000074a000000| Complete 
| 554|0x000000074a200000, 0x000000074a400000, 0x000000074a400000|100%|HC|  |TAMS 0x000000074a200000| PB 0x000000074a200000| Complete 
| 555|0x000000074a400000, 0x000000074a600000, 0x000000074a600000|100%|HC|  |TAMS 0x000000074a400000| PB 0x000000074a400000| Complete 
| 556|0x000000074a600000, 0x000000074a800000, 0x000000074a800000|100%|HC|  |TAMS 0x000000074a600000| PB 0x000000074a600000| Complete 
| 557|0x000000074a800000, 0x000000074aa00000, 0x000000074aa00000|100%|HS|  |TAMS 0x000000074a800000| PB 0x000000074a800000| Complete 
| 558|0x000000074aa00000, 0x000000074ac00000, 0x000000074ac00000|100%|HC|  |TAMS 0x000000074aa00000| PB 0x000000074aa00000| Complete 
| 559|0x000000074ac00000, 0x000000074ae00000, 0x000000074ae00000|100%|HC|  |TAMS 0x000000074ac00000| PB 0x000000074ac00000| Complete 
| 560|0x000000074ae00000, 0x000000074b000000, 0x000000074b000000|100%|HC|  |TAMS 0x000000074ae00000| PB 0x000000074ae00000| Complete 
| 561|0x000000074b000000, 0x000000074b200000, 0x000000074b200000|100%|HS|  |TAMS 0x000000074b000000| PB 0x000000074b000000| Complete 
| 562|0x000000074b200000, 0x000000074b400000, 0x000000074b400000|100%|HC|  |TAMS 0x000000074b200000| PB 0x000000074b200000| Complete 
| 563|0x000000074b400000, 0x000000074b600000, 0x000000074b600000|100%|HC|  |TAMS 0x000000074b400000| PB 0x000000074b400000| Complete 
| 564|0x000000074b600000, 0x000000074b800000, 0x000000074b800000|100%|HC|  |TAMS 0x000000074b600000| PB 0x000000074b600000| Complete 
| 565|0x000000074b800000, 0x000000074ba00000, 0x000000074ba00000|100%| E|CS|TAMS 0x000000074b800000| PB 0x000000074b800000| Complete 
| 566|0x000000074ba00000, 0x000000074bc00000, 0x000000074bc00000|100%| E|CS|TAMS 0x000000074ba00000| PB 0x000000074ba00000| Complete 
| 567|0x000000074bc00000, 0x000000074be00000, 0x000000074be00000|100%| E|CS|TAMS 0x000000074bc00000| PB 0x000000074bc00000| Complete 
| 568|0x000000074be00000, 0x000000074c000000, 0x000000074c000000|100%|HS|  |TAMS 0x000000074be00000| PB 0x000000074be00000| Complete 
| 569|0x000000074c000000, 0x000000074c200000, 0x000000074c200000|100%|HC|  |TAMS 0x000000074c000000| PB 0x000000074c000000| Complete 
| 570|0x000000074c200000, 0x000000074c400000, 0x000000074c400000|100%|HC|  |TAMS 0x000000074c200000| PB 0x000000074c200000| Complete 
| 571|0x000000074c400000, 0x000000074c600000, 0x000000074c600000|100%|HC|  |TAMS 0x000000074c400000| PB 0x000000074c400000| Complete 
| 572|0x000000074c600000, 0x000000074c800000, 0x000000074c800000|100%|HS|  |TAMS 0x000000074c600000| PB 0x000000074c600000| Complete 
| 573|0x000000074c800000, 0x000000074ca00000, 0x000000074ca00000|100%|HC|  |TAMS 0x000000074c800000| PB 0x000000074c800000| Complete 
| 574|0x000000074ca00000, 0x000000074cc00000, 0x000000074cc00000|100%|HC|  |TAMS 0x000000074ca00000| PB 0x000000074ca00000| Complete 
| 575|0x000000074cc00000, 0x000000074ce00000, 0x000000074ce00000|100%|HC|  |TAMS 0x000000074cc00000| PB 0x000000074cc00000| Complete 
| 576|0x000000074ce00000, 0x000000074d000000, 0x000000074d000000|100%|HS|  |TAMS 0x000000074ce00000| PB 0x000000074ce00000| Complete 
| 577|0x000000074d000000, 0x000000074d200000, 0x000000074d200000|100%|HC|  |TAMS 0x000000074d000000| PB 0x000000074d000000| Complete 
| 578|0x000000074d200000, 0x000000074d400000, 0x000000074d400000|100%|HC|  |TAMS 0x000000074d200000| PB 0x000000074d200000| Complete 
| 579|0x000000074d400000, 0x000000074d600000, 0x000000074d600000|100%|HC|  |TAMS 0x000000074d400000| PB 0x000000074d400000| Complete 
| 580|0x000000074d600000, 0x000000074d800000, 0x000000074d800000|100%|HS|  |TAMS 0x000000074d600000| PB 0x000000074d600000| Complete 
| 581|0x000000074d800000, 0x000000074da00000, 0x000000074da00000|100%|HC|  |TAMS 0x000000074d800000| PB 0x000000074d800000| Complete 
| 582|0x000000074da00000, 0x000000074dc00000, 0x000000074dc00000|100%|HC|  |TAMS 0x000000074da00000| PB 0x000000074da00000| Complete 
| 583|0x000000074dc00000, 0x000000074de00000, 0x000000074de00000|100%|HC|  |TAMS 0x000000074dc00000| PB 0x000000074dc00000| Complete 
| 584|0x000000074de00000, 0x000000074e000000, 0x000000074e000000|100%|HS|  |TAMS 0x000000074de00000| PB 0x000000074de00000| Complete 
| 585|0x000000074e000000, 0x000000074e200000, 0x000000074e200000|100%|HC|  |TAMS 0x000000074e000000| PB 0x000000074e000000| Complete 
| 586|0x000000074e200000, 0x000000074e400000, 0x000000074e400000|100%|HC|  |TAMS 0x000000074e200000| PB 0x000000074e200000| Complete 
| 587|0x000000074e400000, 0x000000074e600000, 0x000000074e600000|100%|HC|  |TAMS 0x000000074e400000| PB 0x000000074e400000| Complete 
| 588|0x000000074e600000, 0x000000074e800000, 0x000000074e800000|100%|HS|  |TAMS 0x000000074e600000| PB 0x000000074e600000| Complete 
| 589|0x000000074e800000, 0x000000074ea00000, 0x000000074ea00000|100%|HC|  |TAMS 0x000000074e800000| PB 0x000000074e800000| Complete 
| 590|0x000000074ea00000, 0x000000074ec00000, 0x000000074ec00000|100%|HC|  |TAMS 0x000000074ea00000| PB 0x000000074ea00000| Complete 
| 591|0x000000074ec00000, 0x000000074ee00000, 0x000000074ee00000|100%|HC|  |TAMS 0x000000074ec00000| PB 0x000000074ec00000| Complete 
| 592|0x000000074ee00000, 0x000000074f000000, 0x000000074f000000|100%|HS|  |TAMS 0x000000074ee00000| PB 0x000000074ee00000| Complete 
| 593|0x000000074f000000, 0x000000074f200000, 0x000000074f200000|100%|HC|  |TAMS 0x000000074f000000| PB 0x000000074f000000| Complete 
| 594|0x000000074f200000, 0x000000074f400000, 0x000000074f400000|100%|HC|  |TAMS 0x000000074f200000| PB 0x000000074f200000| Complete 
| 595|0x000000074f400000, 0x000000074f600000, 0x000000074f600000|100%|HC|  |TAMS 0x000000074f400000| PB 0x000000074f400000| Complete 
| 596|0x000000074f600000, 0x000000074f800000, 0x000000074f800000|100%|HS|  |TAMS 0x000000074f600000| PB 0x000000074f600000| Complete 
| 597|0x000000074f800000, 0x000000074fa00000, 0x000000074fa00000|100%|HC|  |TAMS 0x000000074f800000| PB 0x000000074f800000| Complete 
| 598|0x000000074fa00000, 0x000000074fc00000, 0x000000074fc00000|100%|HC|  |TAMS 0x000000074fa00000| PB 0x000000074fa00000| Complete 
| 599|0x000000074fc00000, 0x000000074fe00000, 0x000000074fe00000|100%|HC|  |TAMS 0x000000074fc00000| PB 0x000000074fc00000| Complete 
| 600|0x000000074fe00000, 0x0000000750000000, 0x0000000750000000|100%|HS|  |TAMS 0x000000074fe00000| PB 0x000000074fe00000| Complete 
| 601|0x0000000750000000, 0x0000000750200000, 0x0000000750200000|100%|HC|  |TAMS 0x0000000750000000| PB 0x0000000750000000| Complete 
| 602|0x0000000750200000, 0x0000000750400000, 0x0000000750400000|100%|HC|  |TAMS 0x0000000750200000| PB 0x0000000750200000| Complete 
| 603|0x0000000750400000, 0x0000000750600000, 0x0000000750600000|100%|HC|  |TAMS 0x0000000750400000| PB 0x0000000750400000| Complete 
| 604|0x0000000750600000, 0x0000000750800000, 0x0000000750800000|100%|HS|  |TAMS 0x0000000750600000| PB 0x0000000750600000| Complete 
| 605|0x0000000750800000, 0x0000000750a00000, 0x0000000750a00000|100%|HC|  |TAMS 0x0000000750800000| PB 0x0000000750800000| Complete 
| 606|0x0000000750a00000, 0x0000000750c00000, 0x0000000750c00000|100%|HC|  |TAMS 0x0000000750a00000| PB 0x0000000750a00000| Complete 
| 607|0x0000000750c00000, 0x0000000750e00000, 0x0000000750e00000|100%|HC|  |TAMS 0x0000000750c00000| PB 0x0000000750c00000| Complete 
| 608|0x0000000750e00000, 0x0000000751000000, 0x0000000751000000|100%|HS|  |TAMS 0x0000000750e00000| PB 0x0000000750e00000| Complete 
| 609|0x0000000751000000, 0x0000000751200000, 0x0000000751200000|100%|HC|  |TAMS 0x0000000751000000| PB 0x0000000751000000| Complete 
| 610|0x0000000751200000, 0x0000000751400000, 0x0000000751400000|100%|HC|  |TAMS 0x0000000751200000| PB 0x0000000751200000| Complete 
| 611|0x0000000751400000, 0x0000000751600000, 0x0000000751600000|100%|HC|  |TAMS 0x0000000751400000| PB 0x0000000751400000| Complete 
| 612|0x0000000751600000, 0x0000000751800000, 0x0000000751800000|100%|HS|  |TAMS 0x0000000751600000| PB 0x0000000751600000| Complete 
| 613|0x0000000751800000, 0x0000000751a00000, 0x0000000751a00000|100%|HC|  |TAMS 0x0000000751800000| PB 0x0000000751800000| Complete 
| 614|0x0000000751a00000, 0x0000000751c00000, 0x0000000751c00000|100%|HC|  |TAMS 0x0000000751a00000| PB 0x0000000751a00000| Complete 
| 615|0x0000000751c00000, 0x0000000751e00000, 0x0000000751e00000|100%|HC|  |TAMS 0x0000000751c00000| PB 0x0000000751c00000| Complete 
| 616|0x0000000751e00000, 0x0000000752000000, 0x0000000752000000|100%|HS|  |TAMS 0x0000000751e00000| PB 0x0000000751e00000| Complete 
| 617|0x0000000752000000, 0x0000000752200000, 0x0000000752200000|100%|HC|  |TAMS 0x0000000752000000| PB 0x0000000752000000| Complete 
| 618|0x0000000752200000, 0x0000000752400000, 0x0000000752400000|100%|HC|  |TAMS 0x0000000752200000| PB 0x0000000752200000| Complete 
| 619|0x0000000752400000, 0x0000000752600000, 0x0000000752600000|100%|HC|  |TAMS 0x0000000752400000| PB 0x0000000752400000| Complete 
| 620|0x0000000752600000, 0x0000000752800000, 0x0000000752800000|100%|HS|  |TAMS 0x0000000752600000| PB 0x0000000752600000| Complete 
| 621|0x0000000752800000, 0x0000000752a00000, 0x0000000752a00000|100%|HC|  |TAMS 0x0000000752800000| PB 0x0000000752800000| Complete 
| 622|0x0000000752a00000, 0x0000000752c00000, 0x0000000752c00000|100%|HC|  |TAMS 0x0000000752a00000| PB 0x0000000752a00000| Complete 
| 623|0x0000000752c00000, 0x0000000752e00000, 0x0000000752e00000|100%|HC|  |TAMS 0x0000000752c00000| PB 0x0000000752c00000| Complete 
| 624|0x0000000752e00000, 0x0000000753000000, 0x0000000753000000|100%|HS|  |TAMS 0x0000000752e00000| PB 0x0000000752e00000| Complete 
| 625|0x0000000753000000, 0x0000000753200000, 0x0000000753200000|100%|HC|  |TAMS 0x0000000753000000| PB 0x0000000753000000| Complete 
| 626|0x0000000753200000, 0x0000000753400000, 0x0000000753400000|100%|HC|  |TAMS 0x0000000753200000| PB 0x0000000753200000| Complete 
| 627|0x0000000753400000, 0x0000000753600000, 0x0000000753600000|100%|HC|  |TAMS 0x0000000753400000| PB 0x0000000753400000| Complete 
| 628|0x0000000753600000, 0x0000000753800000, 0x0000000753800000|100%|HS|  |TAMS 0x0000000753600000| PB 0x0000000753600000| Complete 
| 629|0x0000000753800000, 0x0000000753a00000, 0x0000000753a00000|100%|HC|  |TAMS 0x0000000753800000| PB 0x0000000753800000| Complete 
| 630|0x0000000753a00000, 0x0000000753c00000, 0x0000000753c00000|100%|HC|  |TAMS 0x0000000753a00000| PB 0x0000000753a00000| Complete 
| 631|0x0000000753c00000, 0x0000000753e00000, 0x0000000753e00000|100%|HC|  |TAMS 0x0000000753c00000| PB 0x0000000753c00000| Complete 
| 632|0x0000000753e00000, 0x0000000754000000, 0x0000000754000000|100%|HS|  |TAMS 0x0000000753e00000| PB 0x0000000753e00000| Complete 
| 633|0x0000000754000000, 0x0000000754200000, 0x0000000754200000|100%|HC|  |TAMS 0x0000000754000000| PB 0x0000000754000000| Complete 
| 634|0x0000000754200000, 0x0000000754400000, 0x0000000754400000|100%|HC|  |TAMS 0x0000000754200000| PB 0x0000000754200000| Complete 
| 635|0x0000000754400000, 0x0000000754600000, 0x0000000754600000|100%|HC|  |TAMS 0x0000000754400000| PB 0x0000000754400000| Complete 
| 636|0x0000000754600000, 0x0000000754800000, 0x0000000754800000|100%|HS|  |TAMS 0x0000000754600000| PB 0x0000000754600000| Complete 
| 637|0x0000000754800000, 0x0000000754a00000, 0x0000000754a00000|100%|HC|  |TAMS 0x0000000754800000| PB 0x0000000754800000| Complete 
| 638|0x0000000754a00000, 0x0000000754c00000, 0x0000000754c00000|100%|HC|  |TAMS 0x0000000754a00000| PB 0x0000000754a00000| Complete 
| 639|0x0000000754c00000, 0x0000000754e00000, 0x0000000754e00000|100%|HC|  |TAMS 0x0000000754c00000| PB 0x0000000754c00000| Complete 
| 640|0x0000000754e00000, 0x0000000755000000, 0x0000000755000000|100%|HS|  |TAMS 0x0000000754e00000| PB 0x0000000754e00000| Complete 
| 641|0x0000000755000000, 0x0000000755200000, 0x0000000755200000|100%|HC|  |TAMS 0x0000000755000000| PB 0x0000000755000000| Complete 
| 642|0x0000000755200000, 0x0000000755400000, 0x0000000755400000|100%|HC|  |TAMS 0x0000000755200000| PB 0x0000000755200000| Complete 
| 643|0x0000000755400000, 0x0000000755600000, 0x0000000755600000|100%|HC|  |TAMS 0x0000000755400000| PB 0x0000000755400000| Complete 
| 644|0x0000000755600000, 0x0000000755800000, 0x0000000755800000|100%|HS|  |TAMS 0x0000000755600000| PB 0x0000000755600000| Complete 
| 645|0x0000000755800000, 0x0000000755a00000, 0x0000000755a00000|100%|HC|  |TAMS 0x0000000755800000| PB 0x0000000755800000| Complete 
| 646|0x0000000755a00000, 0x0000000755c00000, 0x0000000755c00000|100%|HC|  |TAMS 0x0000000755a00000| PB 0x0000000755a00000| Complete 
| 647|0x0000000755c00000, 0x0000000755e00000, 0x0000000755e00000|100%|HC|  |TAMS 0x0000000755c00000| PB 0x0000000755c00000| Complete 
| 648|0x0000000755e00000, 0x0000000756000000, 0x0000000756000000|100%|HS|  |TAMS 0x0000000755e00000| PB 0x0000000755e00000| Complete 
| 649|0x0000000756000000, 0x0000000756200000, 0x0000000756200000|100%|HC|  |TAMS 0x0000000756000000| PB 0x0000000756000000| Complete 
| 650|0x0000000756200000, 0x0000000756400000, 0x0000000756400000|100%|HC|  |TAMS 0x0000000756200000| PB 0x0000000756200000| Complete 
| 651|0x0000000756400000, 0x0000000756600000, 0x0000000756600000|100%|HC|  |TAMS 0x0000000756400000| PB 0x0000000756400000| Complete 
| 652|0x0000000756600000, 0x0000000756800000, 0x0000000756800000|100%|HS|  |TAMS 0x0000000756600000| PB 0x0000000756600000| Complete 
| 653|0x0000000756800000, 0x0000000756a00000, 0x0000000756a00000|100%|HC|  |TAMS 0x0000000756800000| PB 0x0000000756800000| Complete 
| 654|0x0000000756a00000, 0x0000000756c00000, 0x0000000756c00000|100%|HC|  |TAMS 0x0000000756a00000| PB 0x0000000756a00000| Complete 
| 655|0x0000000756c00000, 0x0000000756e00000, 0x0000000756e00000|100%|HC|  |TAMS 0x0000000756c00000| PB 0x0000000756c00000| Complete 
| 656|0x0000000756e00000, 0x0000000757000000, 0x0000000757000000|100%|HS|  |TAMS 0x0000000756e00000| PB 0x0000000756e00000| Complete 
| 657|0x0000000757000000, 0x0000000757200000, 0x0000000757200000|100%|HC|  |TAMS 0x0000000757000000| PB 0x0000000757000000| Complete 
| 658|0x0000000757200000, 0x0000000757400000, 0x0000000757400000|100%|HC|  |TAMS 0x0000000757200000| PB 0x0000000757200000| Complete 
| 659|0x0000000757400000, 0x0000000757600000, 0x0000000757600000|100%|HC|  |TAMS 0x0000000757400000| PB 0x0000000757400000| Complete 
| 660|0x0000000757600000, 0x0000000757800000, 0x0000000757800000|100%|HS|  |TAMS 0x0000000757600000| PB 0x0000000757600000| Complete 
| 661|0x0000000757800000, 0x0000000757a00000, 0x0000000757a00000|100%|HC|  |TAMS 0x0000000757800000| PB 0x0000000757800000| Complete 
| 662|0x0000000757a00000, 0x0000000757c00000, 0x0000000757c00000|100%|HC|  |TAMS 0x0000000757a00000| PB 0x0000000757a00000| Complete 
| 663|0x0000000757c00000, 0x0000000757e00000, 0x0000000757e00000|100%|HC|  |TAMS 0x0000000757c00000| PB 0x0000000757c00000| Complete 
| 664|0x0000000757e00000, 0x0000000758000000, 0x0000000758000000|100%|HS|  |TAMS 0x0000000757e00000| PB 0x0000000757e00000| Complete 
| 665|0x0000000758000000, 0x0000000758200000, 0x0000000758200000|100%|HC|  |TAMS 0x0000000758000000| PB 0x0000000758000000| Complete 
| 666|0x0000000758200000, 0x0000000758400000, 0x0000000758400000|100%|HC|  |TAMS 0x0000000758200000| PB 0x0000000758200000| Complete 
| 667|0x0000000758400000, 0x0000000758600000, 0x0000000758600000|100%|HC|  |TAMS 0x0000000758400000| PB 0x0000000758400000| Complete 
| 668|0x0000000758600000, 0x0000000758800000, 0x0000000758800000|100%|HS|  |TAMS 0x0000000758600000| PB 0x0000000758600000| Complete 
| 669|0x0000000758800000, 0x0000000758a00000, 0x0000000758a00000|100%|HC|  |TAMS 0x0000000758800000| PB 0x0000000758800000| Complete 
| 670|0x0000000758a00000, 0x0000000758c00000, 0x0000000758c00000|100%|HC|  |TAMS 0x0000000758a00000| PB 0x0000000758a00000| Complete 
| 671|0x0000000758c00000, 0x0000000758e00000, 0x0000000758e00000|100%|HC|  |TAMS 0x0000000758c00000| PB 0x0000000758c00000| Complete 
| 672|0x0000000758e00000, 0x0000000759000000, 0x0000000759000000|100%|HS|  |TAMS 0x0000000758e00000| PB 0x0000000758e00000| Complete 
| 673|0x0000000759000000, 0x0000000759200000, 0x0000000759200000|100%|HC|  |TAMS 0x0000000759000000| PB 0x0000000759000000| Complete 
| 674|0x0000000759200000, 0x0000000759400000, 0x0000000759400000|100%|HC|  |TAMS 0x0000000759200000| PB 0x0000000759200000| Complete 
| 675|0x0000000759400000, 0x0000000759600000, 0x0000000759600000|100%|HC|  |TAMS 0x0000000759400000| PB 0x0000000759400000| Complete 
| 676|0x0000000759600000, 0x0000000759800000, 0x0000000759800000|100%|HS|  |TAMS 0x0000000759600000| PB 0x0000000759600000| Complete 
| 677|0x0000000759800000, 0x0000000759a00000, 0x0000000759a00000|100%|HC|  |TAMS 0x0000000759800000| PB 0x0000000759800000| Complete 
| 678|0x0000000759a00000, 0x0000000759c00000, 0x0000000759c00000|100%|HC|  |TAMS 0x0000000759a00000| PB 0x0000000759a00000| Complete 
| 679|0x0000000759c00000, 0x0000000759e00000, 0x0000000759e00000|100%|HC|  |TAMS 0x0000000759c00000| PB 0x0000000759c00000| Complete 
| 680|0x0000000759e00000, 0x000000075a000000, 0x000000075a000000|100%|HS|  |TAMS 0x0000000759e00000| PB 0x0000000759e00000| Complete 
| 681|0x000000075a000000, 0x000000075a200000, 0x000000075a200000|100%|HC|  |TAMS 0x000000075a000000| PB 0x000000075a000000| Complete 
| 682|0x000000075a200000, 0x000000075a400000, 0x000000075a400000|100%|HC|  |TAMS 0x000000075a200000| PB 0x000000075a200000| Complete 
| 683|0x000000075a400000, 0x000000075a600000, 0x000000075a600000|100%|HC|  |TAMS 0x000000075a400000| PB 0x000000075a400000| Complete 
| 684|0x000000075a600000, 0x000000075a800000, 0x000000075a800000|100%|HS|  |TAMS 0x000000075a600000| PB 0x000000075a600000| Complete 
| 685|0x000000075a800000, 0x000000075aa00000, 0x000000075aa00000|100%|HC|  |TAMS 0x000000075a800000| PB 0x000000075a800000| Complete 
| 686|0x000000075aa00000, 0x000000075ac00000, 0x000000075ac00000|100%|HC|  |TAMS 0x000000075aa00000| PB 0x000000075aa00000| Complete 
| 687|0x000000075ac00000, 0x000000075ae00000, 0x000000075ae00000|100%|HC|  |TAMS 0x000000075ac00000| PB 0x000000075ac00000| Complete 
| 688|0x000000075ae00000, 0x000000075b000000, 0x000000075b000000|100%|HS|  |TAMS 0x000000075ae00000| PB 0x000000075ae00000| Complete 
| 689|0x000000075b000000, 0x000000075b200000, 0x000000075b200000|100%|HC|  |TAMS 0x000000075b000000| PB 0x000000075b000000| Complete 
| 690|0x000000075b200000, 0x000000075b400000, 0x000000075b400000|100%|HC|  |TAMS 0x000000075b200000| PB 0x000000075b200000| Complete 
| 691|0x000000075b400000, 0x000000075b600000, 0x000000075b600000|100%|HC|  |TAMS 0x000000075b400000| PB 0x000000075b400000| Complete 
| 692|0x000000075b600000, 0x000000075b800000, 0x000000075b800000|100%|HS|  |TAMS 0x000000075b600000| PB 0x000000075b600000| Complete 
| 693|0x000000075b800000, 0x000000075ba00000, 0x000000075ba00000|100%|HC|  |TAMS 0x000000075b800000| PB 0x000000075b800000| Complete 
| 694|0x000000075ba00000, 0x000000075bc00000, 0x000000075bc00000|100%|HC|  |TAMS 0x000000075ba00000| PB 0x000000075ba00000| Complete 
| 695|0x000000075bc00000, 0x000000075be00000, 0x000000075be00000|100%|HC|  |TAMS 0x000000075bc00000| PB 0x000000075bc00000| Complete 
| 696|0x000000075be00000, 0x000000075c000000, 0x000000075c000000|100%|HS|  |TAMS 0x000000075be00000| PB 0x000000075be00000| Complete 
| 697|0x000000075c000000, 0x000000075c200000, 0x000000075c200000|100%|HC|  |TAMS 0x000000075c000000| PB 0x000000075c000000| Complete 
| 698|0x000000075c200000, 0x000000075c400000, 0x000000075c400000|100%|HC|  |TAMS 0x000000075c200000| PB 0x000000075c200000| Complete 
| 699|0x000000075c400000, 0x000000075c600000, 0x000000075c600000|100%|HC|  |TAMS 0x000000075c400000| PB 0x000000075c400000| Complete 
| 700|0x000000075c600000, 0x000000075c800000, 0x000000075c800000|100%|HS|  |TAMS 0x000000075c600000| PB 0x000000075c600000| Complete 
| 701|0x000000075c800000, 0x000000075ca00000, 0x000000075ca00000|100%|HC|  |TAMS 0x000000075c800000| PB 0x000000075c800000| Complete 
| 702|0x000000075ca00000, 0x000000075cc00000, 0x000000075cc00000|100%|HC|  |TAMS 0x000000075ca00000| PB 0x000000075ca00000| Complete 
| 703|0x000000075cc00000, 0x000000075ce00000, 0x000000075ce00000|100%|HC|  |TAMS 0x000000075cc00000| PB 0x000000075cc00000| Complete 
| 704|0x000000075ce00000, 0x000000075d000000, 0x000000075d000000|100%|HS|  |TAMS 0x000000075ce00000| PB 0x000000075ce00000| Complete 
| 705|0x000000075d000000, 0x000000075d200000, 0x000000075d200000|100%|HC|  |TAMS 0x000000075d000000| PB 0x000000075d000000| Complete 
| 706|0x000000075d200000, 0x000000075d400000, 0x000000075d400000|100%|HC|  |TAMS 0x000000075d200000| PB 0x000000075d200000| Complete 
| 707|0x000000075d400000, 0x000000075d600000, 0x000000075d600000|100%|HC|  |TAMS 0x000000075d400000| PB 0x000000075d400000| Complete 
| 708|0x000000075d600000, 0x000000075d800000, 0x000000075d800000|100%|HS|  |TAMS 0x000000075d600000| PB 0x000000075d600000| Complete 
| 709|0x000000075d800000, 0x000000075da00000, 0x000000075da00000|100%|HC|  |TAMS 0x000000075d800000| PB 0x000000075d800000| Complete 
| 710|0x000000075da00000, 0x000000075dc00000, 0x000000075dc00000|100%|HC|  |TAMS 0x000000075da00000| PB 0x000000075da00000| Complete 
| 711|0x000000075dc00000, 0x000000075de00000, 0x000000075de00000|100%|HC|  |TAMS 0x000000075dc00000| PB 0x000000075dc00000| Complete 
| 712|0x000000075de00000, 0x000000075e000000, 0x000000075e000000|100%|HS|  |TAMS 0x000000075de00000| PB 0x000000075de00000| Complete 
| 713|0x000000075e000000, 0x000000075e200000, 0x000000075e200000|100%|HC|  |TAMS 0x000000075e000000| PB 0x000000075e000000| Complete 
| 714|0x000000075e200000, 0x000000075e400000, 0x000000075e400000|100%|HC|  |TAMS 0x000000075e200000| PB 0x000000075e200000| Complete 
| 715|0x000000075e400000, 0x000000075e600000, 0x000000075e600000|100%|HC|  |TAMS 0x000000075e400000| PB 0x000000075e400000| Complete 
| 716|0x000000075e600000, 0x000000075e800000, 0x000000075e800000|100%|HS|  |TAMS 0x000000075e600000| PB 0x000000075e600000| Complete 
| 717|0x000000075e800000, 0x000000075ea00000, 0x000000075ea00000|100%|HC|  |TAMS 0x000000075e800000| PB 0x000000075e800000| Complete 
| 718|0x000000075ea00000, 0x000000075ec00000, 0x000000075ec00000|100%|HC|  |TAMS 0x000000075ea00000| PB 0x000000075ea00000| Complete 
| 719|0x000000075ec00000, 0x000000075ee00000, 0x000000075ee00000|100%|HC|  |TAMS 0x000000075ec00000| PB 0x000000075ec00000| Complete 
| 720|0x000000075ee00000, 0x000000075f000000, 0x000000075f000000|100%|HS|  |TAMS 0x000000075ee00000| PB 0x000000075ee00000| Complete 
| 721|0x000000075f000000, 0x000000075f200000, 0x000000075f200000|100%|HC|  |TAMS 0x000000075f000000| PB 0x000000075f000000| Complete 
| 722|0x000000075f200000, 0x000000075f400000, 0x000000075f400000|100%|HC|  |TAMS 0x000000075f200000| PB 0x000000075f200000| Complete 
| 723|0x000000075f400000, 0x000000075f600000, 0x000000075f600000|100%|HC|  |TAMS 0x000000075f400000| PB 0x000000075f400000| Complete 
| 724|0x000000075f600000, 0x000000075f800000, 0x000000075f800000|100%|HS|  |TAMS 0x000000075f600000| PB 0x000000075f600000| Complete 
| 725|0x000000075f800000, 0x000000075fa00000, 0x000000075fa00000|100%|HC|  |TAMS 0x000000075f800000| PB 0x000000075f800000| Complete 
| 726|0x000000075fa00000, 0x000000075fc00000, 0x000000075fc00000|100%|HC|  |TAMS 0x000000075fa00000| PB 0x000000075fa00000| Complete 
| 727|0x000000075fc00000, 0x000000075fe00000, 0x000000075fe00000|100%|HC|  |TAMS 0x000000075fc00000| PB 0x000000075fc00000| Complete 
| 728|0x000000075fe00000, 0x0000000760000000, 0x0000000760000000|100%|HS|  |TAMS 0x000000075fe00000| PB 0x000000075fe00000| Complete 
| 729|0x0000000760000000, 0x0000000760200000, 0x0000000760200000|100%|HC|  |TAMS 0x0000000760000000| PB 0x0000000760000000| Complete 
| 730|0x0000000760200000, 0x0000000760400000, 0x0000000760400000|100%|HC|  |TAMS 0x0000000760200000| PB 0x0000000760200000| Complete 
| 731|0x0000000760400000, 0x0000000760600000, 0x0000000760600000|100%|HC|  |TAMS 0x0000000760400000| PB 0x0000000760400000| Complete 
| 732|0x0000000760600000, 0x0000000760800000, 0x0000000760800000|100%|HS|  |TAMS 0x0000000760600000| PB 0x0000000760600000| Complete 
| 733|0x0000000760800000, 0x0000000760a00000, 0x0000000760a00000|100%|HC|  |TAMS 0x0000000760800000| PB 0x0000000760800000| Complete 
| 734|0x0000000760a00000, 0x0000000760c00000, 0x0000000760c00000|100%|HC|  |TAMS 0x0000000760a00000| PB 0x0000000760a00000| Complete 
| 735|0x0000000760c00000, 0x0000000760e00000, 0x0000000760e00000|100%|HC|  |TAMS 0x0000000760c00000| PB 0x0000000760c00000| Complete 
| 736|0x0000000760e00000, 0x0000000761000000, 0x0000000761000000|100%|HS|  |TAMS 0x0000000760e00000| PB 0x0000000760e00000| Complete 
| 737|0x0000000761000000, 0x0000000761200000, 0x0000000761200000|100%|HC|  |TAMS 0x0000000761000000| PB 0x0000000761000000| Complete 
| 738|0x0000000761200000, 0x0000000761400000, 0x0000000761400000|100%|HC|  |TAMS 0x0000000761200000| PB 0x0000000761200000| Complete 
| 739|0x0000000761400000, 0x0000000761600000, 0x0000000761600000|100%|HC|  |TAMS 0x0000000761400000| PB 0x0000000761400000| Complete 
| 740|0x0000000761600000, 0x0000000761800000, 0x0000000761800000|100%|HS|  |TAMS 0x0000000761600000| PB 0x0000000761600000| Complete 
| 741|0x0000000761800000, 0x0000000761a00000, 0x0000000761a00000|100%|HC|  |TAMS 0x0000000761800000| PB 0x0000000761800000| Complete 
| 742|0x0000000761a00000, 0x0000000761c00000, 0x0000000761c00000|100%|HC|  |TAMS 0x0000000761a00000| PB 0x0000000761a00000| Complete 
| 743|0x0000000761c00000, 0x0000000761e00000, 0x0000000761e00000|100%|HC|  |TAMS 0x0000000761c00000| PB 0x0000000761c00000| Complete 
| 744|0x0000000761e00000, 0x0000000762000000, 0x0000000762000000|100%|HS|  |TAMS 0x0000000761e00000| PB 0x0000000761e00000| Complete 
| 745|0x0000000762000000, 0x0000000762200000, 0x0000000762200000|100%|HC|  |TAMS 0x0000000762000000| PB 0x0000000762000000| Complete 
| 746|0x0000000762200000, 0x0000000762400000, 0x0000000762400000|100%|HC|  |TAMS 0x0000000762200000| PB 0x0000000762200000| Complete 
| 747|0x0000000762400000, 0x0000000762600000, 0x0000000762600000|100%|HC|  |TAMS 0x0000000762400000| PB 0x0000000762400000| Complete 
| 748|0x0000000762600000, 0x0000000762800000, 0x0000000762800000|100%|HS|  |TAMS 0x0000000762600000| PB 0x0000000762600000| Complete 
| 749|0x0000000762800000, 0x0000000762a00000, 0x0000000762a00000|100%|HC|  |TAMS 0x0000000762800000| PB 0x0000000762800000| Complete 
| 750|0x0000000762a00000, 0x0000000762c00000, 0x0000000762c00000|100%|HC|  |TAMS 0x0000000762a00000| PB 0x0000000762a00000| Complete 
| 751|0x0000000762c00000, 0x0000000762e00000, 0x0000000762e00000|100%|HC|  |TAMS 0x0000000762c00000| PB 0x0000000762c00000| Complete 
| 752|0x0000000762e00000, 0x0000000763000000, 0x0000000763000000|100%|HS|  |TAMS 0x0000000762e00000| PB 0x0000000762e00000| Complete 
| 753|0x0000000763000000, 0x0000000763200000, 0x0000000763200000|100%|HC|  |TAMS 0x0000000763000000| PB 0x0000000763000000| Complete 
| 754|0x0000000763200000, 0x0000000763400000, 0x0000000763400000|100%|HC|  |TAMS 0x0000000763200000| PB 0x0000000763200000| Complete 
| 755|0x0000000763400000, 0x0000000763600000, 0x0000000763600000|100%|HC|  |TAMS 0x0000000763400000| PB 0x0000000763400000| Complete 
| 756|0x0000000763600000, 0x0000000763800000, 0x0000000763800000|100%|HS|  |TAMS 0x0000000763600000| PB 0x0000000763600000| Complete 
| 757|0x0000000763800000, 0x0000000763a00000, 0x0000000763a00000|100%|HC|  |TAMS 0x0000000763800000| PB 0x0000000763800000| Complete 
| 758|0x0000000763a00000, 0x0000000763c00000, 0x0000000763c00000|100%|HC|  |TAMS 0x0000000763a00000| PB 0x0000000763a00000| Complete 
| 759|0x0000000763c00000, 0x0000000763e00000, 0x0000000763e00000|100%|HC|  |TAMS 0x0000000763c00000| PB 0x0000000763c00000| Complete 
| 760|0x0000000763e00000, 0x0000000764000000, 0x0000000764000000|100%|HS|  |TAMS 0x0000000763e00000| PB 0x0000000763e00000| Complete 
| 761|0x0000000764000000, 0x0000000764200000, 0x0000000764200000|100%|HC|  |TAMS 0x0000000764000000| PB 0x0000000764000000| Complete 
| 762|0x0000000764200000, 0x0000000764400000, 0x0000000764400000|100%|HC|  |TAMS 0x0000000764200000| PB 0x0000000764200000| Complete 
| 763|0x0000000764400000, 0x0000000764600000, 0x0000000764600000|100%|HC|  |TAMS 0x0000000764400000| PB 0x0000000764400000| Complete 
| 764|0x0000000764600000, 0x0000000764800000, 0x0000000764800000|100%|HS|  |TAMS 0x0000000764600000| PB 0x0000000764600000| Complete 
| 765|0x0000000764800000, 0x0000000764a00000, 0x0000000764a00000|100%|HC|  |TAMS 0x0000000764800000| PB 0x0000000764800000| Complete 
| 766|0x0000000764a00000, 0x0000000764c00000, 0x0000000764c00000|100%|HC|  |TAMS 0x0000000764a00000| PB 0x0000000764a00000| Complete 
| 767|0x0000000764c00000, 0x0000000764e00000, 0x0000000764e00000|100%|HC|  |TAMS 0x0000000764c00000| PB 0x0000000764c00000| Complete 
| 768|0x0000000764e00000, 0x0000000765000000, 0x0000000765000000|100%|HS|  |TAMS 0x0000000764e00000| PB 0x0000000764e00000| Complete 
| 769|0x0000000765000000, 0x0000000765200000, 0x0000000765200000|100%|HC|  |TAMS 0x0000000765000000| PB 0x0000000765000000| Complete 
| 770|0x0000000765200000, 0x0000000765400000, 0x0000000765400000|100%|HC|  |TAMS 0x0000000765200000| PB 0x0000000765200000| Complete 
| 771|0x0000000765400000, 0x0000000765600000, 0x0000000765600000|100%|HC|  |TAMS 0x0000000765400000| PB 0x0000000765400000| Complete 
| 772|0x0000000765600000, 0x0000000765800000, 0x0000000765800000|100%|HS|  |TAMS 0x0000000765600000| PB 0x0000000765600000| Complete 
| 773|0x0000000765800000, 0x0000000765a00000, 0x0000000765a00000|100%|HC|  |TAMS 0x0000000765800000| PB 0x0000000765800000| Complete 
| 774|0x0000000765a00000, 0x0000000765c00000, 0x0000000765c00000|100%|HC|  |TAMS 0x0000000765a00000| PB 0x0000000765a00000| Complete 
| 775|0x0000000765c00000, 0x0000000765e00000, 0x0000000765e00000|100%|HC|  |TAMS 0x0000000765c00000| PB 0x0000000765c00000| Complete 
| 776|0x0000000765e00000, 0x0000000766000000, 0x0000000766000000|100%|HS|  |TAMS 0x0000000765e00000| PB 0x0000000765e00000| Complete 
| 777|0x0000000766000000, 0x0000000766200000, 0x0000000766200000|100%|HC|  |TAMS 0x0000000766000000| PB 0x0000000766000000| Complete 
| 778|0x0000000766200000, 0x0000000766400000, 0x0000000766400000|100%|HC|  |TAMS 0x0000000766200000| PB 0x0000000766200000| Complete 
| 779|0x0000000766400000, 0x0000000766600000, 0x0000000766600000|100%|HC|  |TAMS 0x0000000766400000| PB 0x0000000766400000| Complete 
| 780|0x0000000766600000, 0x0000000766800000, 0x0000000766800000|100%|HS|  |TAMS 0x0000000766600000| PB 0x0000000766600000| Complete 
| 781|0x0000000766800000, 0x0000000766a00000, 0x0000000766a00000|100%|HC|  |TAMS 0x0000000766800000| PB 0x0000000766800000| Complete 
| 782|0x0000000766a00000, 0x0000000766c00000, 0x0000000766c00000|100%|HC|  |TAMS 0x0000000766a00000| PB 0x0000000766a00000| Complete 
| 783|0x0000000766c00000, 0x0000000766e00000, 0x0000000766e00000|100%|HC|  |TAMS 0x0000000766c00000| PB 0x0000000766c00000| Complete 
| 784|0x0000000766e00000, 0x0000000767000000, 0x0000000767000000|100%|HS|  |TAMS 0x0000000766e00000| PB 0x0000000766e00000| Complete 
| 785|0x0000000767000000, 0x0000000767200000, 0x0000000767200000|100%|HC|  |TAMS 0x0000000767000000| PB 0x0000000767000000| Complete 
| 786|0x0000000767200000, 0x0000000767400000, 0x0000000767400000|100%|HC|  |TAMS 0x0000000767200000| PB 0x0000000767200000| Complete 
| 787|0x0000000767400000, 0x0000000767600000, 0x0000000767600000|100%|HC|  |TAMS 0x0000000767400000| PB 0x0000000767400000| Complete 
| 788|0x0000000767600000, 0x0000000767800000, 0x0000000767800000|100%|HS|  |TAMS 0x0000000767600000| PB 0x0000000767600000| Complete 
| 789|0x0000000767800000, 0x0000000767a00000, 0x0000000767a00000|100%|HC|  |TAMS 0x0000000767800000| PB 0x0000000767800000| Complete 
| 790|0x0000000767a00000, 0x0000000767c00000, 0x0000000767c00000|100%|HC|  |TAMS 0x0000000767a00000| PB 0x0000000767a00000| Complete 
| 791|0x0000000767c00000, 0x0000000767e00000, 0x0000000767e00000|100%|HC|  |TAMS 0x0000000767c00000| PB 0x0000000767c00000| Complete 
| 792|0x0000000767e00000, 0x0000000768000000, 0x0000000768000000|100%|HS|  |TAMS 0x0000000767e00000| PB 0x0000000767e00000| Complete 
| 793|0x0000000768000000, 0x0000000768200000, 0x0000000768200000|100%|HC|  |TAMS 0x0000000768000000| PB 0x0000000768000000| Complete 
| 794|0x0000000768200000, 0x0000000768400000, 0x0000000768400000|100%|HC|  |TAMS 0x0000000768200000| PB 0x0000000768200000| Complete 
| 795|0x0000000768400000, 0x0000000768600000, 0x0000000768600000|100%|HC|  |TAMS 0x0000000768400000| PB 0x0000000768400000| Complete 
| 796|0x0000000768600000, 0x0000000768800000, 0x0000000768800000|100%|HS|  |TAMS 0x0000000768600000| PB 0x0000000768600000| Complete 
| 797|0x0000000768800000, 0x0000000768a00000, 0x0000000768a00000|100%|HC|  |TAMS 0x0000000768800000| PB 0x0000000768800000| Complete 
| 798|0x0000000768a00000, 0x0000000768c00000, 0x0000000768c00000|100%|HC|  |TAMS 0x0000000768a00000| PB 0x0000000768a00000| Complete 
| 799|0x0000000768c00000, 0x0000000768e00000, 0x0000000768e00000|100%|HC|  |TAMS 0x0000000768c00000| PB 0x0000000768c00000| Complete 
| 800|0x0000000768e00000, 0x0000000769000000, 0x0000000769000000|100%|HS|  |TAMS 0x0000000768e00000| PB 0x0000000768e00000| Complete 
| 801|0x0000000769000000, 0x0000000769200000, 0x0000000769200000|100%|HC|  |TAMS 0x0000000769000000| PB 0x0000000769000000| Complete 
| 802|0x0000000769200000, 0x0000000769400000, 0x0000000769400000|100%|HC|  |TAMS 0x0000000769200000| PB 0x0000000769200000| Complete 
| 803|0x0000000769400000, 0x0000000769600000, 0x0000000769600000|100%|HC|  |TAMS 0x0000000769400000| PB 0x0000000769400000| Complete 
| 804|0x0000000769600000, 0x0000000769800000, 0x0000000769800000|100%|HS|  |TAMS 0x0000000769600000| PB 0x0000000769600000| Complete 
| 805|0x0000000769800000, 0x0000000769a00000, 0x0000000769a00000|100%|HC|  |TAMS 0x0000000769800000| PB 0x0000000769800000| Complete 
| 806|0x0000000769a00000, 0x0000000769c00000, 0x0000000769c00000|100%|HC|  |TAMS 0x0000000769a00000| PB 0x0000000769a00000| Complete 
| 807|0x0000000769c00000, 0x0000000769e00000, 0x0000000769e00000|100%|HC|  |TAMS 0x0000000769c00000| PB 0x0000000769c00000| Complete 
| 808|0x0000000769e00000, 0x000000076a000000, 0x000000076a000000|100%|HS|  |TAMS 0x0000000769e00000| PB 0x0000000769e00000| Complete 
| 809|0x000000076a000000, 0x000000076a200000, 0x000000076a200000|100%|HC|  |TAMS 0x000000076a000000| PB 0x000000076a000000| Complete 
| 810|0x000000076a200000, 0x000000076a400000, 0x000000076a400000|100%|HC|  |TAMS 0x000000076a200000| PB 0x000000076a200000| Complete 
| 811|0x000000076a400000, 0x000000076a600000, 0x000000076a600000|100%|HC|  |TAMS 0x000000076a400000| PB 0x000000076a400000| Complete 
| 812|0x000000076a600000, 0x000000076a800000, 0x000000076a800000|100%|HS|  |TAMS 0x000000076a600000| PB 0x000000076a600000| Complete 
| 813|0x000000076a800000, 0x000000076aa00000, 0x000000076aa00000|100%|HC|  |TAMS 0x000000076a800000| PB 0x000000076a800000| Complete 
| 814|0x000000076aa00000, 0x000000076ac00000, 0x000000076ac00000|100%|HC|  |TAMS 0x000000076aa00000| PB 0x000000076aa00000| Complete 
| 815|0x000000076ac00000, 0x000000076ae00000, 0x000000076ae00000|100%|HC|  |TAMS 0x000000076ac00000| PB 0x000000076ac00000| Complete 
| 816|0x000000076ae00000, 0x000000076b000000, 0x000000076b000000|100%|HS|  |TAMS 0x000000076ae00000| PB 0x000000076ae00000| Complete 
| 817|0x000000076b000000, 0x000000076b200000, 0x000000076b200000|100%|HC|  |TAMS 0x000000076b000000| PB 0x000000076b000000| Complete 
| 818|0x000000076b200000, 0x000000076b400000, 0x000000076b400000|100%|HC|  |TAMS 0x000000076b200000| PB 0x000000076b200000| Complete 
| 819|0x000000076b400000, 0x000000076b600000, 0x000000076b600000|100%|HC|  |TAMS 0x000000076b400000| PB 0x000000076b400000| Complete 
| 820|0x000000076b600000, 0x000000076b800000, 0x000000076b800000|100%|HS|  |TAMS 0x000000076b600000| PB 0x000000076b600000| Complete 
| 821|0x000000076b800000, 0x000000076ba00000, 0x000000076ba00000|100%|HC|  |TAMS 0x000000076b800000| PB 0x000000076b800000| Complete 
| 822|0x000000076ba00000, 0x000000076bc00000, 0x000000076bc00000|100%|HC|  |TAMS 0x000000076ba00000| PB 0x000000076ba00000| Complete 
| 823|0x000000076bc00000, 0x000000076be00000, 0x000000076be00000|100%|HC|  |TAMS 0x000000076bc00000| PB 0x000000076bc00000| Complete 
| 824|0x000000076be00000, 0x000000076c000000, 0x000000076c000000|100%|HS|  |TAMS 0x000000076be00000| PB 0x000000076be00000| Complete 
| 825|0x000000076c000000, 0x000000076c200000, 0x000000076c200000|100%|HC|  |TAMS 0x000000076c000000| PB 0x000000076c000000| Complete 
| 826|0x000000076c200000, 0x000000076c400000, 0x000000076c400000|100%|HC|  |TAMS 0x000000076c200000| PB 0x000000076c200000| Complete 
| 827|0x000000076c400000, 0x000000076c600000, 0x000000076c600000|100%|HC|  |TAMS 0x000000076c400000| PB 0x000000076c400000| Complete 
| 828|0x000000076c600000, 0x000000076c800000, 0x000000076c800000|100%|HS|  |TAMS 0x000000076c600000| PB 0x000000076c600000| Complete 
| 829|0x000000076c800000, 0x000000076ca00000, 0x000000076ca00000|100%|HC|  |TAMS 0x000000076c800000| PB 0x000000076c800000| Complete 
| 830|0x000000076ca00000, 0x000000076cc00000, 0x000000076cc00000|100%|HC|  |TAMS 0x000000076ca00000| PB 0x000000076ca00000| Complete 
| 831|0x000000076cc00000, 0x000000076ce00000, 0x000000076ce00000|100%|HC|  |TAMS 0x000000076cc00000| PB 0x000000076cc00000| Complete 
| 832|0x000000076ce00000, 0x000000076d000000, 0x000000076d000000|100%|HS|  |TAMS 0x000000076ce00000| PB 0x000000076ce00000| Complete 
| 833|0x000000076d000000, 0x000000076d200000, 0x000000076d200000|100%|HC|  |TAMS 0x000000076d000000| PB 0x000000076d000000| Complete 
| 834|0x000000076d200000, 0x000000076d400000, 0x000000076d400000|100%|HC|  |TAMS 0x000000076d200000| PB 0x000000076d200000| Complete 
| 835|0x000000076d400000, 0x000000076d600000, 0x000000076d600000|100%|HC|  |TAMS 0x000000076d400000| PB 0x000000076d400000| Complete 
| 836|0x000000076d600000, 0x000000076d800000, 0x000000076d800000|100%|HS|  |TAMS 0x000000076d600000| PB 0x000000076d600000| Complete 
| 837|0x000000076d800000, 0x000000076da00000, 0x000000076da00000|100%|HC|  |TAMS 0x000000076d800000| PB 0x000000076d800000| Complete 
| 838|0x000000076da00000, 0x000000076dc00000, 0x000000076dc00000|100%|HC|  |TAMS 0x000000076da00000| PB 0x000000076da00000| Complete 
| 839|0x000000076dc00000, 0x000000076de00000, 0x000000076de00000|100%|HC|  |TAMS 0x000000076dc00000| PB 0x000000076dc00000| Complete 
| 840|0x000000076de00000, 0x000000076e000000, 0x000000076e000000|100%|HS|  |TAMS 0x000000076de00000| PB 0x000000076de00000| Complete 
| 841|0x000000076e000000, 0x000000076e200000, 0x000000076e200000|100%|HC|  |TAMS 0x000000076e000000| PB 0x000000076e000000| Complete 
| 842|0x000000076e200000, 0x000000076e400000, 0x000000076e400000|100%|HC|  |TAMS 0x000000076e200000| PB 0x000000076e200000| Complete 
| 843|0x000000076e400000, 0x000000076e600000, 0x000000076e600000|100%|HC|  |TAMS 0x000000076e400000| PB 0x000000076e400000| Complete 
| 844|0x000000076e600000, 0x000000076e800000, 0x000000076e800000|100%|HS|  |TAMS 0x000000076e600000| PB 0x000000076e600000| Complete 
| 845|0x000000076e800000, 0x000000076ea00000, 0x000000076ea00000|100%|HC|  |TAMS 0x000000076e800000| PB 0x000000076e800000| Complete 
| 846|0x000000076ea00000, 0x000000076ec00000, 0x000000076ec00000|100%|HC|  |TAMS 0x000000076ea00000| PB 0x000000076ea00000| Complete 
| 847|0x000000076ec00000, 0x000000076ee00000, 0x000000076ee00000|100%|HC|  |TAMS 0x000000076ec00000| PB 0x000000076ec00000| Complete 
| 848|0x000000076ee00000, 0x000000076f000000, 0x000000076f000000|100%|HS|  |TAMS 0x000000076ee00000| PB 0x000000076ee00000| Complete 
| 849|0x000000076f000000, 0x000000076f200000, 0x000000076f200000|100%|HC|  |TAMS 0x000000076f000000| PB 0x000000076f000000| Complete 
| 850|0x000000076f200000, 0x000000076f400000, 0x000000076f400000|100%|HC|  |TAMS 0x000000076f200000| PB 0x000000076f200000| Complete 
| 851|0x000000076f400000, 0x000000076f600000, 0x000000076f600000|100%|HC|  |TAMS 0x000000076f400000| PB 0x000000076f400000| Complete 
| 852|0x000000076f600000, 0x000000076f800000, 0x000000076f800000|100%|HS|  |TAMS 0x000000076f600000| PB 0x000000076f600000| Complete 
| 853|0x000000076f800000, 0x000000076fa00000, 0x000000076fa00000|100%|HC|  |TAMS 0x000000076f800000| PB 0x000000076f800000| Complete 
| 854|0x000000076fa00000, 0x000000076fc00000, 0x000000076fc00000|100%|HC|  |TAMS 0x000000076fa00000| PB 0x000000076fa00000| Complete 
| 855|0x000000076fc00000, 0x000000076fe00000, 0x000000076fe00000|100%|HC|  |TAMS 0x000000076fc00000| PB 0x000000076fc00000| Complete 
| 856|0x000000076fe00000, 0x0000000770000000, 0x0000000770000000|100%|HS|  |TAMS 0x000000076fe00000| PB 0x000000076fe00000| Complete 
| 857|0x0000000770000000, 0x0000000770200000, 0x0000000770200000|100%|HC|  |TAMS 0x0000000770000000| PB 0x0000000770000000| Complete 
| 858|0x0000000770200000, 0x0000000770400000, 0x0000000770400000|100%|HC|  |TAMS 0x0000000770200000| PB 0x0000000770200000| Complete 
| 859|0x0000000770400000, 0x0000000770600000, 0x0000000770600000|100%|HC|  |TAMS 0x0000000770400000| PB 0x0000000770400000| Complete 
| 860|0x0000000770600000, 0x0000000770800000, 0x0000000770800000|100%|HS|  |TAMS 0x0000000770600000| PB 0x0000000770600000| Complete 
| 861|0x0000000770800000, 0x0000000770a00000, 0x0000000770a00000|100%|HC|  |TAMS 0x0000000770800000| PB 0x0000000770800000| Complete 
| 862|0x0000000770a00000, 0x0000000770c00000, 0x0000000770c00000|100%|HC|  |TAMS 0x0000000770a00000| PB 0x0000000770a00000| Complete 
| 863|0x0000000770c00000, 0x0000000770e00000, 0x0000000770e00000|100%|HC|  |TAMS 0x0000000770c00000| PB 0x0000000770c00000| Complete 
| 864|0x0000000770e00000, 0x0000000771000000, 0x0000000771000000|100%|HS|  |TAMS 0x0000000770e00000| PB 0x0000000770e00000| Complete 
| 865|0x0000000771000000, 0x0000000771200000, 0x0000000771200000|100%|HC|  |TAMS 0x0000000771000000| PB 0x0000000771000000| Complete 
| 866|0x0000000771200000, 0x0000000771400000, 0x0000000771400000|100%|HC|  |TAMS 0x0000000771200000| PB 0x0000000771200000| Complete 
| 867|0x0000000771400000, 0x0000000771600000, 0x0000000771600000|100%|HC|  |TAMS 0x0000000771400000| PB 0x0000000771400000| Complete 
| 868|0x0000000771600000, 0x0000000771800000, 0x0000000771800000|100%|HS|  |TAMS 0x0000000771600000| PB 0x0000000771600000| Complete 
| 869|0x0000000771800000, 0x0000000771a00000, 0x0000000771a00000|100%|HC|  |TAMS 0x0000000771800000| PB 0x0000000771800000| Complete 
| 870|0x0000000771a00000, 0x0000000771c00000, 0x0000000771c00000|100%|HC|  |TAMS 0x0000000771a00000| PB 0x0000000771a00000| Complete 
| 871|0x0000000771c00000, 0x0000000771e00000, 0x0000000771e00000|100%|HC|  |TAMS 0x0000000771c00000| PB 0x0000000771c00000| Complete 
| 872|0x0000000771e00000, 0x0000000772000000, 0x0000000772000000|100%|HS|  |TAMS 0x0000000771e00000| PB 0x0000000771e00000| Complete 
| 873|0x0000000772000000, 0x0000000772200000, 0x0000000772200000|100%|HC|  |TAMS 0x0000000772000000| PB 0x0000000772000000| Complete 
| 874|0x0000000772200000, 0x0000000772400000, 0x0000000772400000|100%|HC|  |TAMS 0x0000000772200000| PB 0x0000000772200000| Complete 
| 875|0x0000000772400000, 0x0000000772600000, 0x0000000772600000|100%|HC|  |TAMS 0x0000000772400000| PB 0x0000000772400000| Complete 
| 876|0x0000000772600000, 0x0000000772800000, 0x0000000772800000|100%|HS|  |TAMS 0x0000000772600000| PB 0x0000000772600000| Complete 
| 877|0x0000000772800000, 0x0000000772a00000, 0x0000000772a00000|100%|HC|  |TAMS 0x0000000772800000| PB 0x0000000772800000| Complete 
| 878|0x0000000772a00000, 0x0000000772c00000, 0x0000000772c00000|100%|HC|  |TAMS 0x0000000772a00000| PB 0x0000000772a00000| Complete 
| 879|0x0000000772c00000, 0x0000000772e00000, 0x0000000772e00000|100%|HC|  |TAMS 0x0000000772c00000| PB 0x0000000772c00000| Complete 
| 880|0x0000000772e00000, 0x0000000773000000, 0x0000000773000000|100%|HS|  |TAMS 0x0000000772e00000| PB 0x0000000772e00000| Complete 
| 881|0x0000000773000000, 0x0000000773200000, 0x0000000773200000|100%|HC|  |TAMS 0x0000000773000000| PB 0x0000000773000000| Complete 
| 882|0x0000000773200000, 0x0000000773400000, 0x0000000773400000|100%|HC|  |TAMS 0x0000000773200000| PB 0x0000000773200000| Complete 
| 883|0x0000000773400000, 0x0000000773600000, 0x0000000773600000|100%|HC|  |TAMS 0x0000000773400000| PB 0x0000000773400000| Complete 
| 884|0x0000000773600000, 0x0000000773800000, 0x0000000773800000|100%|HS|  |TAMS 0x0000000773600000| PB 0x0000000773600000| Complete 
| 885|0x0000000773800000, 0x0000000773a00000, 0x0000000773a00000|100%|HC|  |TAMS 0x0000000773800000| PB 0x0000000773800000| Complete 
| 886|0x0000000773a00000, 0x0000000773c00000, 0x0000000773c00000|100%|HC|  |TAMS 0x0000000773a00000| PB 0x0000000773a00000| Complete 
| 887|0x0000000773c00000, 0x0000000773e00000, 0x0000000773e00000|100%|HC|  |TAMS 0x0000000773c00000| PB 0x0000000773c00000| Complete 
| 888|0x0000000773e00000, 0x0000000774000000, 0x0000000774000000|100%|HS|  |TAMS 0x0000000773e00000| PB 0x0000000773e00000| Complete 
| 889|0x0000000774000000, 0x0000000774200000, 0x0000000774200000|100%|HC|  |TAMS 0x0000000774000000| PB 0x0000000774000000| Complete 
| 890|0x0000000774200000, 0x0000000774400000, 0x0000000774400000|100%|HC|  |TAMS 0x0000000774200000| PB 0x0000000774200000| Complete 
| 891|0x0000000774400000, 0x0000000774600000, 0x0000000774600000|100%|HC|  |TAMS 0x0000000774400000| PB 0x0000000774400000| Complete 
| 892|0x0000000774600000, 0x0000000774800000, 0x0000000774800000|100%|HS|  |TAMS 0x0000000774600000| PB 0x0000000774600000| Complete 
| 893|0x0000000774800000, 0x0000000774a00000, 0x0000000774a00000|100%|HC|  |TAMS 0x0000000774800000| PB 0x0000000774800000| Complete 
| 894|0x0000000774a00000, 0x0000000774c00000, 0x0000000774c00000|100%|HC|  |TAMS 0x0000000774a00000| PB 0x0000000774a00000| Complete 
| 895|0x0000000774c00000, 0x0000000774e00000, 0x0000000774e00000|100%|HC|  |TAMS 0x0000000774c00000| PB 0x0000000774c00000| Complete 
| 896|0x0000000774e00000, 0x0000000775000000, 0x0000000775000000|100%|HS|  |TAMS 0x0000000774e00000| PB 0x0000000774e00000| Complete 
| 897|0x0000000775000000, 0x0000000775200000, 0x0000000775200000|100%|HC|  |TAMS 0x0000000775000000| PB 0x0000000775000000| Complete 
| 898|0x0000000775200000, 0x0000000775400000, 0x0000000775400000|100%|HC|  |TAMS 0x0000000775200000| PB 0x0000000775200000| Complete 
| 899|0x0000000775400000, 0x0000000775600000, 0x0000000775600000|100%|HC|  |TAMS 0x0000000775400000| PB 0x0000000775400000| Complete 
| 900|0x0000000775600000, 0x0000000775800000, 0x0000000775800000|100%|HS|  |TAMS 0x0000000775600000| PB 0x0000000775600000| Complete 
| 901|0x0000000775800000, 0x0000000775a00000, 0x0000000775a00000|100%|HC|  |TAMS 0x0000000775800000| PB 0x0000000775800000| Complete 
| 902|0x0000000775a00000, 0x0000000775c00000, 0x0000000775c00000|100%|HC|  |TAMS 0x0000000775a00000| PB 0x0000000775a00000| Complete 
| 903|0x0000000775c00000, 0x0000000775e00000, 0x0000000775e00000|100%|HC|  |TAMS 0x0000000775c00000| PB 0x0000000775c00000| Complete 
| 904|0x0000000775e00000, 0x0000000776000000, 0x0000000776000000|100%|HS|  |TAMS 0x0000000775e00000| PB 0x0000000775e00000| Complete 
| 905|0x0000000776000000, 0x0000000776200000, 0x0000000776200000|100%|HC|  |TAMS 0x0000000776000000| PB 0x0000000776000000| Complete 
| 906|0x0000000776200000, 0x0000000776400000, 0x0000000776400000|100%|HC|  |TAMS 0x0000000776200000| PB 0x0000000776200000| Complete 
| 907|0x0000000776400000, 0x0000000776600000, 0x0000000776600000|100%|HC|  |TAMS 0x0000000776400000| PB 0x0000000776400000| Complete 
| 908|0x0000000776600000, 0x0000000776800000, 0x0000000776800000|100%|HS|  |TAMS 0x0000000776600000| PB 0x0000000776600000| Complete 
| 909|0x0000000776800000, 0x0000000776a00000, 0x0000000776a00000|100%|HC|  |TAMS 0x0000000776800000| PB 0x0000000776800000| Complete 
| 910|0x0000000776a00000, 0x0000000776c00000, 0x0000000776c00000|100%|HC|  |TAMS 0x0000000776a00000| PB 0x0000000776a00000| Complete 
| 911|0x0000000776c00000, 0x0000000776e00000, 0x0000000776e00000|100%|HC|  |TAMS 0x0000000776c00000| PB 0x0000000776c00000| Complete 
| 912|0x0000000776e00000, 0x0000000777000000, 0x0000000777000000|100%|HS|  |TAMS 0x0000000776e00000| PB 0x0000000776e00000| Complete 
| 913|0x0000000777000000, 0x0000000777200000, 0x0000000777200000|100%|HC|  |TAMS 0x0000000777000000| PB 0x0000000777000000| Complete 
| 914|0x0000000777200000, 0x0000000777400000, 0x0000000777400000|100%|HC|  |TAMS 0x0000000777200000| PB 0x0000000777200000| Complete 
| 915|0x0000000777400000, 0x0000000777600000, 0x0000000777600000|100%|HC|  |TAMS 0x0000000777400000| PB 0x0000000777400000| Complete 
| 916|0x0000000777600000, 0x0000000777800000, 0x0000000777800000|100%|HS|  |TAMS 0x0000000777600000| PB 0x0000000777600000| Complete 
| 917|0x0000000777800000, 0x0000000777a00000, 0x0000000777a00000|100%|HC|  |TAMS 0x0000000777800000| PB 0x0000000777800000| Complete 
| 918|0x0000000777a00000, 0x0000000777c00000, 0x0000000777c00000|100%|HC|  |TAMS 0x0000000777a00000| PB 0x0000000777a00000| Complete 
| 919|0x0000000777c00000, 0x0000000777e00000, 0x0000000777e00000|100%|HC|  |TAMS 0x0000000777c00000| PB 0x0000000777c00000| Complete 
| 920|0x0000000777e00000, 0x0000000778000000, 0x0000000778000000|100%|HS|  |TAMS 0x0000000777e00000| PB 0x0000000777e00000| Complete 
| 921|0x0000000778000000, 0x0000000778200000, 0x0000000778200000|100%|HC|  |TAMS 0x0000000778000000| PB 0x0000000778000000| Complete 
| 922|0x0000000778200000, 0x0000000778400000, 0x0000000778400000|100%|HC|  |TAMS 0x0000000778200000| PB 0x0000000778200000| Complete 
| 923|0x0000000778400000, 0x0000000778600000, 0x0000000778600000|100%|HC|  |TAMS 0x0000000778400000| PB 0x0000000778400000| Complete 
| 924|0x0000000778600000, 0x0000000778800000, 0x0000000778800000|100%|HS|  |TAMS 0x0000000778600000| PB 0x0000000778600000| Complete 
| 925|0x0000000778800000, 0x0000000778a00000, 0x0000000778a00000|100%|HC|  |TAMS 0x0000000778800000| PB 0x0000000778800000| Complete 
| 926|0x0000000778a00000, 0x0000000778c00000, 0x0000000778c00000|100%|HC|  |TAMS 0x0000000778a00000| PB 0x0000000778a00000| Complete 
| 927|0x0000000778c00000, 0x0000000778e00000, 0x0000000778e00000|100%|HC|  |TAMS 0x0000000778c00000| PB 0x0000000778c00000| Complete 
| 928|0x0000000778e00000, 0x0000000779000000, 0x0000000779000000|100%|HS|  |TAMS 0x0000000778e00000| PB 0x0000000778e00000| Complete 
| 929|0x0000000779000000, 0x0000000779200000, 0x0000000779200000|100%|HC|  |TAMS 0x0000000779000000| PB 0x0000000779000000| Complete 
| 930|0x0000000779200000, 0x0000000779400000, 0x0000000779400000|100%|HC|  |TAMS 0x0000000779200000| PB 0x0000000779200000| Complete 
| 931|0x0000000779400000, 0x0000000779600000, 0x0000000779600000|100%|HC|  |TAMS 0x0000000779400000| PB 0x0000000779400000| Complete 
| 932|0x0000000779600000, 0x0000000779800000, 0x0000000779800000|100%|HS|  |TAMS 0x0000000779600000| PB 0x0000000779600000| Complete 
| 933|0x0000000779800000, 0x0000000779a00000, 0x0000000779a00000|100%|HC|  |TAMS 0x0000000779800000| PB 0x0000000779800000| Complete 
| 934|0x0000000779a00000, 0x0000000779c00000, 0x0000000779c00000|100%|HC|  |TAMS 0x0000000779a00000| PB 0x0000000779a00000| Complete 
| 935|0x0000000779c00000, 0x0000000779e00000, 0x0000000779e00000|100%|HC|  |TAMS 0x0000000779c00000| PB 0x0000000779c00000| Complete 
| 936|0x0000000779e00000, 0x000000077a000000, 0x000000077a000000|100%|HS|  |TAMS 0x0000000779e00000| PB 0x0000000779e00000| Complete 
| 937|0x000000077a000000, 0x000000077a200000, 0x000000077a200000|100%|HC|  |TAMS 0x000000077a000000| PB 0x000000077a000000| Complete 
| 938|0x000000077a200000, 0x000000077a400000, 0x000000077a400000|100%|HC|  |TAMS 0x000000077a200000| PB 0x000000077a200000| Complete 
| 939|0x000000077a400000, 0x000000077a600000, 0x000000077a600000|100%|HC|  |TAMS 0x000000077a400000| PB 0x000000077a400000| Complete 
| 940|0x000000077a600000, 0x000000077a800000, 0x000000077a800000|100%|HS|  |TAMS 0x000000077a600000| PB 0x000000077a600000| Complete 
| 941|0x000000077a800000, 0x000000077aa00000, 0x000000077aa00000|100%|HC|  |TAMS 0x000000077a800000| PB 0x000000077a800000| Complete 
| 942|0x000000077aa00000, 0x000000077ac00000, 0x000000077ac00000|100%|HC|  |TAMS 0x000000077aa00000| PB 0x000000077aa00000| Complete 
| 943|0x000000077ac00000, 0x000000077ae00000, 0x000000077ae00000|100%|HC|  |TAMS 0x000000077ac00000| PB 0x000000077ac00000| Complete 
| 944|0x000000077ae00000, 0x000000077b000000, 0x000000077b000000|100%|HS|  |TAMS 0x000000077ae00000| PB 0x000000077ae00000| Complete 
| 945|0x000000077b000000, 0x000000077b200000, 0x000000077b200000|100%|HC|  |TAMS 0x000000077b000000| PB 0x000000077b000000| Complete 
| 946|0x000000077b200000, 0x000000077b400000, 0x000000077b400000|100%|HC|  |TAMS 0x000000077b200000| PB 0x000000077b200000| Complete 
| 947|0x000000077b400000, 0x000000077b600000, 0x000000077b600000|100%|HC|  |TAMS 0x000000077b400000| PB 0x000000077b400000| Complete 
| 948|0x000000077b600000, 0x000000077b800000, 0x000000077b800000|100%|HS|  |TAMS 0x000000077b600000| PB 0x000000077b600000| Complete 
| 949|0x000000077b800000, 0x000000077ba00000, 0x000000077ba00000|100%|HC|  |TAMS 0x000000077b800000| PB 0x000000077b800000| Complete 
| 950|0x000000077ba00000, 0x000000077bc00000, 0x000000077bc00000|100%|HC|  |TAMS 0x000000077ba00000| PB 0x000000077ba00000| Complete 
| 951|0x000000077bc00000, 0x000000077be00000, 0x000000077be00000|100%|HC|  |TAMS 0x000000077bc00000| PB 0x000000077bc00000| Complete 
| 952|0x000000077be00000, 0x000000077c000000, 0x000000077c000000|100%|HS|  |TAMS 0x000000077be00000| PB 0x000000077be00000| Complete 
| 953|0x000000077c000000, 0x000000077c200000, 0x000000077c200000|100%|HC|  |TAMS 0x000000077c000000| PB 0x000000077c000000| Complete 
| 954|0x000000077c200000, 0x000000077c400000, 0x000000077c400000|100%|HC|  |TAMS 0x000000077c200000| PB 0x000000077c200000| Complete 
| 955|0x000000077c400000, 0x000000077c600000, 0x000000077c600000|100%|HC|  |TAMS 0x000000077c400000| PB 0x000000077c400000| Complete 
| 956|0x000000077c600000, 0x000000077c600000, 0x000000077c800000|  0%| F|  |TAMS 0x000000077c600000| PB 0x000000077c600000| Untracked 
| 957|0x000000077c800000, 0x000000077c800000, 0x000000077ca00000|  0%| F|  |TAMS 0x000000077c800000| PB 0x000000077c800000| Untracked 
|2007|0x00000007ffc00000, 0x00000007ffe00000, 0x00000007ffe00000|100%| E|CS|TAMS 0x00000007ffc00000| PB 0x00000007ffc00000| Complete 
|2008|0x00000007ffe00000, 0x0000000800000000, 0x0000000800000000|100%| O|  |TAMS 0x00000007ffe00000| PB 0x00000007ffe00000| Untracked 

Card table byte_map: [0x0000021147a30000,0x0000021148210000] _byte_map_base: 0x0000021144209000

Marking Bits: (CMBitMap*) 0x000002113446b730
 Bits: [0x0000021148210000, 0x000002114c0d8000)

Polling page: 0x0000021131950000

Metaspace:

Usage:
  Non-class:     43.90 MB used.
      Class:      4.94 MB used.
       Both:     48.84 MB used.

Virtual space:
  Non-class space:       64.00 MB reserved,      44.19 MB ( 69%) committed,  1 nodes.
      Class space:        1.00 GB reserved,       5.25 MB ( <1%) committed,  1 nodes.
             Both:        1.06 GB reserved,      49.44 MB (  5%) committed. 

Chunk freelists:
   Non-Class:  3.16 MB
       Class:  10.72 MB
        Both:  13.88 MB

MaxMetaspaceSize: unlimited
CompressedClassSpaceSize: 1.00 GB
Initial GC threshold: 21.00 MB
Current GC threshold: 82.12 MB
CDS: on
 - commit_granule_bytes: 65536.
 - commit_granule_words: 8192.
 - virtual_space_node_default_size: 8388608.
 - enlarge_chunks_in_place: 1.
 - use_allocation_guard: 0.


Internal statistics:

num_allocs_failed_limit: 6.
num_arena_births: 966.
num_arena_deaths: 0.
num_vsnodes_births: 2.
num_vsnodes_deaths: 0.
num_space_committed: 791.
num_space_uncommitted: 0.
num_chunks_returned_to_freelist: 6.
num_chunks_taken_from_freelist: 2859.
num_chunk_merges: 6.
num_chunk_splits: 1900.
num_chunks_enlarged: 1254.
num_inconsistent_stats: 0.

CodeHeap 'non-profiled nmethods': size=120000Kb used=13475Kb max_used=15279Kb free=106524Kb
 bounds [0x000002113f9e0000, 0x00000211408d0000, 0x0000021146f10000]
CodeHeap 'profiled nmethods': size=120000Kb used=32644Kb max_used=43359Kb free=87355Kb
 bounds [0x0000021137f10000, 0x000002113a970000, 0x000002113f440000]
CodeHeap 'non-nmethods': size=5760Kb used=1747Kb max_used=1843Kb free=4012Kb
 bounds [0x000002113f440000, 0x000002113f6b0000, 0x000002113f9e0000]
 total_blobs=12206 nmethods=11584 adapters=524
 compilation: enabled
              stopped_count=0, restarted_count=0
 full_count=0

Compilation events (20 events):
Event: 29.674 Thread 0x000002114eb41530 nmethod 16850 0x0000021139279b90 code [0x0000021139279e20, 0x000002113927aad0]
Event: 29.674 Thread 0x000002114eb41530 16851       3       org.eclipse.xtext.serializer.sequencer.HiddenTokenSequencer::acceptAssignedDatatype (41 bytes)
Event: 29.675 Thread 0x000002114eb41530 nmethod 16851 0x0000021138880490 code [0x00000211388806a0, 0x0000021138880da0]
Event: 29.675 Thread 0x000002114eb41530 16852       3       org.eclipse.xtext.serializer.sequencer.HiddenTokenSequencer::getLastLeaf (22 bytes)
Event: 29.675 Thread 0x000002114eb41530 nmethod 16852 0x0000021138acd610 code [0x0000021138acd7e0, 0x0000021138acdc80]
Event: 29.675 Thread 0x000002114eb41530 16853       3       org.eclipse.xtext.serializer.acceptor.TokenStreamSequenceAdapter::acceptAssignedDatatype (7 bytes)
Event: 29.675 Thread 0x000002114eb41530 nmethod 16853 0x0000021138bfc310 code [0x0000021138bfc4c0, 0x0000021138bfc600]
Event: 29.682 Thread 0x000002114eb41530 16854       3       org.eclipse.xtext.serializer.sequencer.AssignmentFinder::findValidValueAssignments (167 bytes)
Event: 29.683 Thread 0x000002114eb41530 nmethod 16854 0x00000211383f3b10 code [0x00000211383f3e60, 0x00000211383f5658]
Event: 29.683 Thread 0x000002114eb41530 16855       3       java.io.InputStreamReader::close (8 bytes)
Event: 29.683 Thread 0x000002114eb41530 nmethod 16855 0x0000021138cf4f90 code [0x0000021138cf5140, 0x0000021138cf52a0]
Event: 29.683 Thread 0x000002114eb41530 16856   !   3       sun.nio.cs.StreamDecoder::close (63 bytes)
Event: 29.684 Thread 0x000002114eb41530 nmethod 16856 0x0000021139224390 code [0x00000211392246a0, 0x0000021139225b50]
Event: 29.684 Thread 0x000002114eb41530 16857   !   3       sun.nio.cs.StreamDecoder::lockedClose (29 bytes)
Event: 29.684 Thread 0x000002114eb41530 nmethod 16857 0x0000021138be4410 code [0x0000021138be45e0, 0x0000021138be49f0]
Event: 29.690 Thread 0x0000021195ada2e0 16858       4       java.lang.invoke.LambdaForm$MH/0x0000021150237000::invoke (63 bytes)
Event: 29.691 Thread 0x000002114eb41530 16859       3       org.eclipse.xtext.util.formallang.PdaUtil::traceToWithPruningStack (508 bytes)
Event: 29.691 Thread 0x000002114eb3f2f0 16860       4       com.google.inject.internal.InternalContext::getConstructionContext (36 bytes)
Event: 29.693 Thread 0x0000021195ada2e0 nmethod 16858 0x0000021140522010 code [0x00000211405221a0, 0x00000211405223a8]
Event: 29.694 Thread 0x000002114eb41530 nmethod 16859 0x000002113903dd10 code [0x000002113903e400, 0x0000021139042ab0]

GC Heap History (20 events):
Event: 24.025 GC heap before
{Heap before GC invocations=46 (full 0):
 garbage-first heap   total 425984K, used 334318K [0x0000000704e00000, 0x0000000800000000)
  region size 2048K, 111 young (227328K), 2 survivors (4096K)
 Metaspace       used 49301K, committed 49856K, reserved 1114112K
  class space    used 5020K, committed 5312K, reserved 1048576K
}
Event: 24.028 GC heap after
{Heap after GC invocations=47 (full 0):
 garbage-first heap   total 425984K, used 110987K [0x0000000704e00000, 0x0000000800000000)
  region size 2048K, 3 young (6144K), 3 survivors (6144K)
 Metaspace       used 49301K, committed 49856K, reserved 1114112K
  class space    used 5020K, committed 5312K, reserved 1048576K
}
Event: 24.736 GC heap before
{Heap before GC invocations=47 (full 0):
 garbage-first heap   total 425984K, used 352651K [0x0000000704e00000, 0x0000000800000000)
  region size 2048K, 119 young (243712K), 3 survivors (6144K)
 Metaspace       used 49372K, committed 49984K, reserved 1114112K
  class space    used 5020K, committed 5312K, reserved 1048576K
}
Event: 24.754 GC heap after
{Heap after GC invocations=48 (full 0):
 garbage-first heap   total 425984K, used 138098K [0x0000000704e00000, 0x0000000800000000)
  region size 2048K, 15 young (30720K), 15 survivors (30720K)
 Metaspace       used 49372K, committed 49984K, reserved 1114112K
  class space    used 5020K, committed 5312K, reserved 1048576K
}
Event: 25.781 GC heap before
{Heap before GC invocations=48 (full 0):
 garbage-first heap   total 425984K, used 346994K [0x0000000704e00000, 0x0000000800000000)
  region size 2048K, 117 young (239616K), 15 survivors (30720K)
 Metaspace       used 49376K, committed 49984K, reserved 1114112K
  class space    used 5020K, committed 5312K, reserved 1048576K
}
Event: 25.838 GC heap after
{Heap after GC invocations=49 (full 0):
 garbage-first heap   total 425984K, used 174852K [0x0000000704e00000, 0x0000000800000000)
  region size 2048K, 15 young (30720K), 15 survivors (30720K)
 Metaspace       used 49376K, committed 49984K, reserved 1114112K
  class space    used 5020K, committed 5312K, reserved 1048576K
}
Event: 27.176 GC heap before
{Heap before GC invocations=49 (full 0):
 garbage-first heap   total 425984K, used 346884K [0x0000000704e00000, 0x0000000800000000)
  region size 2048K, 99 young (202752K), 15 survivors (30720K)
 Metaspace       used 49389K, committed 49984K, reserved 1114112K
  class space    used 5020K, committed 5312K, reserved 1048576K
}
Event: 27.218 GC heap after
{Heap after GC invocations=50 (full 0):
 garbage-first heap   total 540672K, used 204800K [0x0000000704e00000, 0x0000000800000000)
  region size 2048K, 13 young (26624K), 13 survivors (26624K)
 Metaspace       used 49389K, committed 49984K, reserved 1114112K
  class space    used 5020K, committed 5312K, reserved 1048576K
}
Event: 27.956 GC heap before
{Heap before GC invocations=51 (full 0):
 garbage-first heap   total 540672K, used 425984K [0x0000000704e00000, 0x0000000800000000)
  region size 2048K, 123 young (251904K), 13 survivors (26624K)
 Metaspace       used 49389K, committed 49984K, reserved 1114112K
  class space    used 5020K, committed 5312K, reserved 1048576K
}
Event: 27.965 GC heap after
{Heap after GC invocations=52 (full 0):
 garbage-first heap   total 540672K, used 208164K [0x0000000704e00000, 0x0000000800000000)
  region size 2048K, 3 young (6144K), 3 survivors (6144K)
 Metaspace       used 49389K, committed 49984K, reserved 1114112K
  class space    used 5020K, committed 5312K, reserved 1048576K
}
Event: 28.605 GC heap before
{Heap before GC invocations=52 (full 0):
 garbage-first heap   total 573440K, used 572708K [0x0000000704e00000, 0x0000000800000000)
  region size 2048K, 93 young (190464K), 3 survivors (6144K)
 Metaspace       used 49610K, committed 50240K, reserved 1114112K
  class space    used 5039K, committed 5376K, reserved 1048576K
}
Event: 28.614 GC heap after
{Heap after GC invocations=53 (full 0):
 garbage-first heap   total 587776K, used 209004K [0x0000000704e00000, 0x0000000800000000)
  region size 2048K, 5 young (10240K), 5 survivors (10240K)
 Metaspace       used 49610K, committed 50240K, reserved 1114112K
  class space    used 5039K, committed 5376K, reserved 1048576K
}
Event: 28.636 GC heap before
{Heap before GC invocations=53 (full 0):
 garbage-first heap   total 587776K, used 282732K [0x0000000704e00000, 0x0000000800000000)
  region size 2048K, 6 young (12288K), 5 survivors (10240K)
 Metaspace       used 49635K, committed 50304K, reserved 1114112K
  class space    used 5039K, committed 5376K, reserved 1048576K
}
Event: 28.643 GC heap after
{Heap after GC invocations=54 (full 0):
 garbage-first heap   total 587776K, used 209146K [0x0000000704e00000, 0x0000000800000000)
  region size 2048K, 5 young (10240K), 5 survivors (10240K)
 Metaspace       used 49635K, committed 50304K, reserved 1114112K
  class space    used 5039K, committed 5376K, reserved 1048576K
}
Event: 28.646 GC heap before
{Heap before GC invocations=54 (full 0):
 garbage-first heap   total 587776K, used 217338K [0x0000000704e00000, 0x0000000800000000)
  region size 2048K, 6 young (12288K), 5 survivors (10240K)
 Metaspace       used 49635K, committed 50304K, reserved 1114112K
  class space    used 5039K, committed 5376K, reserved 1048576K
}
Event: 28.652 GC heap after
{Heap after GC invocations=55 (full 0):
 garbage-first heap   total 587776K, used 208454K [0x0000000704e00000, 0x0000000800000000)
  region size 2048K, 5 young (10240K), 5 survivors (10240K)
 Metaspace       used 49635K, committed 50304K, reserved 1114112K
  class space    used 5039K, committed 5376K, reserved 1048576K
}
Event: 28.661 GC heap before
{Heap before GC invocations=55 (full 0):
 garbage-first heap   total 587776K, used 218694K [0x0000000704e00000, 0x0000000800000000)
  region size 2048K, 7 young (14336K), 5 survivors (10240K)
 Metaspace       used 49635K, committed 50304K, reserved 1114112K
  class space    used 5039K, committed 5376K, reserved 1048576K
}
Event: 28.667 GC heap after
{Heap after GC invocations=56 (full 0):
 garbage-first heap   total 587776K, used 208846K [0x0000000704e00000, 0x0000000800000000)
  region size 2048K, 5 young (10240K), 5 survivors (10240K)
 Metaspace       used 49635K, committed 50304K, reserved 1114112K
  class space    used 5039K, committed 5376K, reserved 1048576K
}
Event: 28.671 GC heap before
{Heap before GC invocations=56 (full 0):
 garbage-first heap   total 587776K, used 217038K [0x0000000704e00000, 0x0000000800000000)
  region size 2048K, 6 young (12288K), 5 survivors (10240K)
 Metaspace       used 49635K, committed 50304K, reserved 1114112K
  class space    used 5039K, committed 5376K, reserved 1048576K
}
Event: 28.677 GC heap after
{Heap after GC invocations=57 (full 0):
 garbage-first heap   total 587776K, used 208471K [0x0000000704e00000, 0x0000000800000000)
  region size 2048K, 5 young (10240K), 5 survivors (10240K)
 Metaspace       used 49635K, committed 50304K, reserved 1114112K
  class space    used 5039K, committed 5376K, reserved 1048576K
}

Dll operation events (9 events):
Event: 0.016 Loaded shared library D:\eclipsek\gamma2412\eclipse\plugins\org.eclipse.justj.openjdk.hotspot.jre.full.win32.x86_64_21.0.5.v20241023-1957\jre\bin\java.dll
Event: 0.053 Loaded shared library D:\eclipsek\gamma2412\eclipse\plugins\org.eclipse.justj.openjdk.hotspot.jre.full.win32.x86_64_21.0.5.v20241023-1957\jre\bin\zip.dll
Event: 0.115 Loaded shared library D:\eclipsek\gamma2412\eclipse\plugins\org.eclipse.justj.openjdk.hotspot.jre.full.win32.x86_64_21.0.5.v20241023-1957\jre\bin\net.dll
Event: 0.117 Loaded shared library D:\eclipsek\gamma2412\eclipse\plugins\org.eclipse.justj.openjdk.hotspot.jre.full.win32.x86_64_21.0.5.v20241023-1957\jre\bin\nio.dll
Event: 0.120 Loaded shared library D:\eclipsek\gamma2412\eclipse\plugins\org.eclipse.justj.openjdk.hotspot.jre.full.win32.x86_64_21.0.5.v20241023-1957\jre\bin\zip.dll
Event: 0.212 Loaded shared library D:\eclipsek\gamma2412\eclipse\plugins\org.eclipse.justj.openjdk.hotspot.jre.full.win32.x86_64_21.0.5.v20241023-1957\jre\bin\jimage.dll
Event: 0.261 Loaded shared library D:\eclipsek\gamma2412\eclipse\plugins\org.eclipse.justj.openjdk.hotspot.jre.full.win32.x86_64_21.0.5.v20241023-1957\jre\bin\verify.dll
Event: 6.374 Loaded shared library D:\eclipsek\gamma2412\eclipse\plugins\org.eclipse.justj.openjdk.hotspot.jre.full.win32.x86_64_21.0.5.v20241023-1957\jre\bin\sunmscapi.dll
Event: 6.548 Loaded shared library D:\eclipsek\gamma2412\eclipse\plugins\org.eclipse.justj.openjdk.hotspot.jre.full.win32.x86_64_21.0.5.v20241023-1957\jre\bin\extnet.dll

Deoptimization events (20 events):
Event: 26.172 Thread 0x0000021134405fb0 DEOPT PACKING pc=0x00000211401d557c sp=0x0000002b2eefd9a0
Event: 26.172 Thread 0x0000021134405fb0 DEOPT UNPACKING pc=0x000002113f497da2 sp=0x0000002b2eefd970 mode 2
Event: 26.504 Thread 0x0000021134405fb0 Uncommon trap: trap_request=0xffffffde fr.pc=0x0000021140848720 relative=0x0000000000000440
Event: 26.504 Thread 0x0000021134405fb0 Uncommon trap: reason=class_check action=maybe_recompile pc=0x0000021140848720 method=org.antlr.stringtemplate.language.ASTExpr.convertAnythingIteratableToIterator(Ljava/lang/Object;)Ljava/lang/Object; @ 30 c2
Event: 26.504 Thread 0x0000021134405fb0 DEOPT PACKING pc=0x0000021140848720 sp=0x0000002b2eefdbc0
Event: 26.504 Thread 0x0000021134405fb0 DEOPT UNPACKING pc=0x000002113f497da2 sp=0x0000002b2eefdb90 mode 2
Event: 28.025 Thread 0x0000021134405fb0 DEOPT PACKING pc=0x000002113a794a42 sp=0x0000002b2eefd7a0
Event: 28.025 Thread 0x0000021134405fb0 DEOPT UNPACKING pc=0x000002113f4988e2 sp=0x0000002b2eefccc8 mode 0
Event: 28.026 Thread 0x0000021134405fb0 DEOPT PACKING pc=0x000002113a794a42 sp=0x0000002b2eefd7a0
Event: 28.026 Thread 0x0000021134405fb0 DEOPT UNPACKING pc=0x000002113f4988e2 sp=0x0000002b2eefccc8 mode 0
Event: 28.033 Thread 0x0000021134405fb0 DEOPT PACKING pc=0x000002113a794a42 sp=0x0000002b2eefd7a0
Event: 28.033 Thread 0x0000021134405fb0 DEOPT UNPACKING pc=0x000002113f4988e2 sp=0x0000002b2eefccc8 mode 0
Event: 28.393 Thread 0x0000021134405fb0 DEOPT PACKING pc=0x00000211398d56f1 sp=0x0000002b2eefdfd0
Event: 28.393 Thread 0x0000021134405fb0 DEOPT UNPACKING pc=0x000002113f4988e2 sp=0x0000002b2eefd458 mode 0
Event: 28.541 Thread 0x0000021134405fb0 DEOPT PACKING pc=0x0000021139bba4a6 sp=0x0000002b2eefe0d0
Event: 28.541 Thread 0x0000021134405fb0 DEOPT UNPACKING pc=0x000002113f4988e2 sp=0x0000002b2eefd608 mode 0
Event: 28.615 Thread 0x0000021134405fb0 Uncommon trap: trap_request=0xfffffff4 fr.pc=0x000002113fcd0068 relative=0x0000000000001268
Event: 28.615 Thread 0x0000021134405fb0 Uncommon trap: reason=null_check action=make_not_entrant pc=0x000002113fcd0068 method=org.eclipse.emf.common.util.URI$URIPool.intern(Ljava/lang/String;)Lorg/eclipse/emf/common/util/URI; @ 24 c2
Event: 28.615 Thread 0x0000021134405fb0 DEOPT PACKING pc=0x000002113fcd0068 sp=0x0000002b2eefea70
Event: 28.615 Thread 0x0000021134405fb0 DEOPT UNPACKING pc=0x000002113f497da2 sp=0x0000002b2eefe948 mode 2

Classes loaded (20 events):
Event: 12.810 Loading class sun/security/ssl/Alert$Level
Event: 12.810 Loading class sun/security/ssl/Alert$Level done
Event: 12.822 Loading class java/net/SocketTimeoutException
Event: 12.823 Loading class java/net/SocketTimeoutException done
Event: 13.616 Loading class java/lang/Override
Event: 13.616 Loading class java/lang/Override done
Event: 13.685 Loading class java/io/BufferedReader$1
Event: 13.685 Loading class java/io/BufferedReader$1 done
Event: 13.688 Loading class java/util/ArrayList$SubList$2
Event: 13.689 Loading class java/util/ArrayList$SubList$2 done
Event: 13.689 Loading class java/util/stream/ReduceOps$2
Event: 13.689 Loading class java/util/stream/ReduceOps$2 done
Event: 13.691 Loading class java/util/stream/ReduceOps$2ReducingSink
Event: 13.691 Loading class java/util/stream/ReduceOps$2ReducingSink done
Event: 22.636 Loading class java/io/PrintWriter
Event: 22.636 Loading class java/io/PrintWriter done
Event: 22.636 Loading class java/io/PrintWriter$1
Event: 22.636 Loading class jdk/internal/access/JavaIOPrintWriterAccess
Event: 22.636 Loading class jdk/internal/access/JavaIOPrintWriterAccess done
Event: 22.636 Loading class java/io/PrintWriter$1 done

Classes unloaded (0 events):
No events

Classes redefined (0 events):
No events

Internal exceptions (20 events):
Event: 14.342 Thread 0x0000021134405fb0 Implicit null exception at 0x000002114016898b to 0x00000211401693e8
Event: 15.022 Thread 0x0000021134405fb0 Implicit null exception at 0x000002114052915e to 0x0000021140529176
Event: 15.132 Thread 0x0000021134405fb0 Implicit null exception at 0x000002114055793d to 0x0000021140557a34
Event: 15.321 Thread 0x0000021134405fb0 Implicit null exception at 0x000002114054d522 to 0x000002114054d7f0
Event: 15.321 Thread 0x0000021134405fb0 Implicit null exception at 0x000002114054d522 to 0x000002114054d7f0
Event: 15.321 Thread 0x0000021134405fb0 Implicit null exception at 0x000002114054d522 to 0x000002114054d7f0
Event: 15.321 Thread 0x0000021134405fb0 Implicit null exception at 0x000002114054d522 to 0x000002114054d7f0
Event: 21.337 Thread 0x0000021134405fb0 Implicit null exception at 0x00000211407b04de to 0x00000211407b0524
Event: 21.339 Thread 0x0000021134405fb0 Implicit null exception at 0x00000211407c295e to 0x00000211407c2976
Event: 21.392 Thread 0x0000021134405fb0 Implicit null exception at 0x00000211407ca37a to 0x00000211407cb3a4
Event: 21.638 Thread 0x0000021134405fb0 Implicit null exception at 0x00000211407f1d5a to 0x00000211407f1e01
Event: 22.351 Thread 0x0000021134405fb0 Implicit null exception at 0x0000021140846b03 to 0x00000211408470b8
Event: 22.352 Thread 0x0000021134405fb0 Implicit null exception at 0x0000021140845b8c to 0x0000021140846208
Event: 22.431 Thread 0x0000021134405fb0 Implicit null exception at 0x00000211407ebb08 to 0x00000211407ee864
Event: 22.449 Thread 0x0000021134405fb0 Implicit null exception at 0x00000211407f3f0d to 0x00000211407f5730
Event: 22.663 Thread 0x0000021134405fb0 Implicit null exception at 0x0000021140097740 to 0x0000021140097fcc
Event: 22.663 Thread 0x0000021134405fb0 Implicit null exception at 0x000002113fb8f9e0 to 0x000002113fb8fff0
Event: 22.664 Thread 0x0000021134405fb0 Implicit null exception at 0x000002113ff93e24 to 0x000002113ff992c4
Event: 22.684 Thread 0x0000021134405fb0 Implicit null exception at 0x000002113fbc9581 to 0x000002113fbc98f8
Event: 28.615 Thread 0x0000021134405fb0 Implicit null exception at 0x000002113fccf6a6 to 0x000002113fcd0054

ZGC Phase Switch (0 events):
No events

VM Operations (20 events):
Event: 27.351 Executing VM operation: G1PauseRemark
Event: 27.366 Executing VM operation: G1PauseRemark done
Event: 27.421 Executing VM operation: G1PauseCleanup
Event: 27.422 Executing VM operation: G1PauseCleanup done
Event: 27.956 Executing VM operation: G1CollectForAllocation (G1 Evacuation Pause)
Event: 27.965 Executing VM operation: G1CollectForAllocation (G1 Evacuation Pause) done
Event: 28.605 Executing VM operation: G1CollectForAllocation (G1 Evacuation Pause)
Event: 28.614 Executing VM operation: G1CollectForAllocation (G1 Evacuation Pause) done
Event: 28.636 Executing VM operation: G1TryInitiateConcMark (G1 Humongous Allocation)
Event: 28.643 Executing VM operation: G1TryInitiateConcMark (G1 Humongous Allocation) done
Event: 28.646 Executing VM operation: G1TryInitiateConcMark (G1 Humongous Allocation)
Event: 28.652 Executing VM operation: G1TryInitiateConcMark (G1 Humongous Allocation) done
Event: 28.661 Executing VM operation: G1TryInitiateConcMark (G1 Humongous Allocation)
Event: 28.667 Executing VM operation: G1TryInitiateConcMark (G1 Humongous Allocation) done
Event: 28.671 Executing VM operation: G1TryInitiateConcMark (G1 Humongous Allocation)
Event: 28.677 Executing VM operation: G1TryInitiateConcMark (G1 Humongous Allocation) done
Event: 28.885 Executing VM operation: G1PauseRemark
Event: 28.902 Executing VM operation: G1PauseRemark done
Event: 29.000 Executing VM operation: G1PauseCleanup
Event: 29.007 Executing VM operation: G1PauseCleanup done

Memory protections (0 events):
No events

Nmethod flushes (20 events):
Event: 28.899 Thread 0x000002114eb0a6a0 flushing  nmethod 0x0000021138795b10
Event: 28.899 Thread 0x000002114eb0a6a0 flushing  nmethod 0x00000211397e7510
Event: 28.899 Thread 0x000002114eb0a6a0 flushing  nmethod 0x00000211397f2990
Event: 28.899 Thread 0x000002114eb0a6a0 flushing  nmethod 0x000002113a455810
Event: 28.899 Thread 0x000002114eb0a6a0 flushing  nmethod 0x000002113a455e90
Event: 28.899 Thread 0x000002114eb0a6a0 flushing  nmethod 0x000002113a456310
Event: 28.899 Thread 0x000002114eb0a6a0 flushing  nmethod 0x000002113a456b10
Event: 28.899 Thread 0x000002114eb0a6a0 flushing  nmethod 0x000002113a45fd90
Event: 28.899 Thread 0x000002114eb0a6a0 flushing  nmethod 0x000002113a460510
Event: 28.899 Thread 0x000002114eb0a6a0 flushing  nmethod 0x000002113a46fd10
Event: 28.899 Thread 0x000002114eb0a6a0 flushing  nmethod 0x000002113a474690
Event: 28.899 Thread 0x000002114eb0a6a0 flushing  nmethod 0x000002113a5c8110
Event: 28.899 Thread 0x000002114eb0a6a0 flushing  nmethod 0x000002113a5d3090
Event: 28.899 Thread 0x000002114eb0a6a0 flushing  nmethod 0x000002113a644b90
Event: 28.899 Thread 0x000002114eb0a6a0 flushing  nmethod 0x000002113a789290
Event: 28.899 Thread 0x000002114eb0a6a0 flushing  nmethod 0x000002113a78e190
Event: 28.899 Thread 0x000002114eb0a6a0 flushing  nmethod 0x000002113a7fd090
Event: 28.899 Thread 0x000002114eb0a6a0 flushing  nmethod 0x000002113a813190
Event: 28.899 Thread 0x000002114eb0a6a0 flushing  nmethod 0x000002113a813c10
Event: 28.899 Thread 0x000002114eb0a6a0 flushing  nmethod 0x000002113a818310

Events (20 events):
Event: 17.829 Thread 0x0000021195959320 Thread exited: 0x0000021195959320
Event: 17.836 Thread 0x0000021195ae90e0 Thread exited: 0x0000021195ae90e0
Event: 17.964 Thread 0x000002119750d110 Thread exited: 0x000002119750d110
Event: 18.177 Thread 0x000002114eb41530 Thread added: 0x0000021195ada9b0
Event: 18.177 Thread 0x000002114eb41530 Thread added: 0x0000021195ada2e0
Event: 19.989 Thread 0x0000021195ada9b0 Thread exited: 0x0000021195ada9b0
Event: 19.989 Thread 0x0000021195ada2e0 Thread exited: 0x0000021195ada2e0
Event: 20.493 Thread 0x000002114eb41530 Thread added: 0x0000021195adb080
Event: 20.497 Thread 0x000002114eb41530 Thread added: 0x0000021195ada9b0
Event: 23.018 Thread 0x0000021195ada9b0 Thread exited: 0x0000021195ada9b0
Event: 23.231 Thread 0x0000021195adb080 Thread exited: 0x0000021195adb080
Event: 24.235 Thread 0x000002114eb41530 Thread added: 0x0000021195ada2e0
Event: 24.269 Thread 0x000002114eb41530 Thread added: 0x0000021195ada9b0
Event: 25.010 Thread 0x0000021195ada9b0 Thread exited: 0x0000021195ada9b0
Event: 25.397 Thread 0x000002114eb41530 Thread added: 0x0000021195adb080
Event: 27.066 Thread 0x0000021195adb080 Thread exited: 0x0000021195adb080
Event: 27.381 Thread 0x0000021195ada2e0 Thread exited: 0x0000021195ada2e0
Event: 28.111 Thread 0x000002114eb3f2f0 Thread added: 0x0000021195ada2e0
Event: 28.111 Thread 0x000002114eb3f2f0 Thread added: 0x0000021195adb750
Event: 29.600 Thread 0x0000021195adb750 Thread exited: 0x0000021195adb750


Dynamic libraries:
0x00007ff7b31f0000 - 0x00007ff7b31fe000 	D:\eclipsek\gamma2412\eclipse\plugins\org.eclipse.justj.openjdk.hotspot.jre.full.win32.x86_64_21.0.5.v20241023-1957\jre\bin\javaw.exe
0x00007ffacdc30000 - 0x00007ffacde28000 	C:\windows\SYSTEM32\ntdll.dll
0x00007ffacdac0000 - 0x00007ffacdb82000 	C:\windows\System32\KERNEL32.DLL
0x00007ffacb730000 - 0x00007ffacba26000 	C:\windows\System32\KERNELBASE.dll
0x00007ffa85890000 - 0x00007ffa8596b000 	C:\Program Files\Bitdefender\Bitdefender Security\bdhkm\dlls_268331554652289042\bdhkm64.dll
0x00007ffa856a0000 - 0x00007ffa85881000 	C:\Program Files\Bitdefender\Bitdefender Security\atcuf\dlls_268640844893649356\atcuf64.dll
0x00007ffacb580000 - 0x00007ffacb680000 	C:\windows\System32\ucrtbase.dll
0x00007ffa9f0b0000 - 0x00007ffa9f0c8000 	D:\eclipsek\gamma2412\eclipse\plugins\org.eclipse.justj.openjdk.hotspot.jre.full.win32.x86_64_21.0.5.v20241023-1957\jre\bin\jli.dll
0x00007ffacd330000 - 0x00007ffacd4d1000 	C:\windows\System32\USER32.dll
0x00007ffacba30000 - 0x00007ffacba52000 	C:\windows\System32\win32u.dll
0x00007ffacda90000 - 0x00007ffacdabb000 	C:\windows\System32\GDI32.dll
0x00007ffacbae0000 - 0x00007ffacbbf9000 	C:\windows\System32\gdi32full.dll
0x00007ffacb2c0000 - 0x00007ffacb35d000 	C:\windows\System32\msvcp_win.dll
0x00007ffa94110000 - 0x00007ffa9412e000 	D:\eclipsek\gamma2412\eclipse\plugins\org.eclipse.justj.openjdk.hotspot.jre.full.win32.x86_64_21.0.5.v20241023-1957\jre\bin\VCRUNTIME140.dll
0x00007ffabc790000 - 0x00007ffabca2b000 	C:\windows\WinSxS\amd64_microsoft.windows.common-controls_6595b64144ccf1df_6.0.19041.6456_none_60b8a6cb71f64256\COMCTL32.dll
0x00007ffacce10000 - 0x00007ffacceae000 	C:\windows\System32\msvcrt.dll
0x00007ffacc8c0000 - 0x00007ffacc8ef000 	C:\windows\System32\IMM32.DLL
0x00007ffab9700000 - 0x00007ffab970c000 	D:\eclipsek\gamma2412\eclipse\plugins\org.eclipse.justj.openjdk.hotspot.jre.full.win32.x86_64_21.0.5.v20241023-1957\jre\bin\vcruntime140_1.dll
0x00007ffa94030000 - 0x00007ffa940bd000 	D:\eclipsek\gamma2412\eclipse\plugins\org.eclipse.justj.openjdk.hotspot.jre.full.win32.x86_64_21.0.5.v20241023-1957\jre\bin\msvcp140.dll
0x00007ffa6e9a0000 - 0x00007ffa6f72f000 	D:\eclipsek\gamma2412\eclipse\plugins\org.eclipse.justj.openjdk.hotspot.jre.full.win32.x86_64_21.0.5.v20241023-1957\jre\bin\server\jvm.dll
0x00007ffacd850000 - 0x00007ffacd901000 	C:\windows\System32\ADVAPI32.dll
0x00007ffacd9f0000 - 0x00007ffacda8f000 	C:\windows\System32\sechost.dll
0x00007ffaccec0000 - 0x00007ffaccfe0000 	C:\windows\System32\RPCRT4.dll
0x00007ffacb4c0000 - 0x00007ffacb4e7000 	C:\windows\System32\bcrypt.dll
0x00007ffacd260000 - 0x00007ffacd2cb000 	C:\windows\System32\WS2_32.dll
0x00007ffacac00000 - 0x00007ffacac4b000 	C:\windows\SYSTEM32\POWRPROF.dll
0x00007ffac4940000 - 0x00007ffac4967000 	C:\windows\SYSTEM32\WINMM.dll
0x00007ffac4d80000 - 0x00007ffac4d8a000 	C:\windows\SYSTEM32\VERSION.dll
0x00007ffacabe0000 - 0x00007ffacabf2000 	C:\windows\SYSTEM32\UMPDC.dll
0x00007ffac9a90000 - 0x00007ffac9aa2000 	C:\windows\SYSTEM32\kernel.appcore.dll
0x00007ffac5ad0000 - 0x00007ffac5ada000 	D:\eclipsek\gamma2412\eclipse\plugins\org.eclipse.justj.openjdk.hotspot.jre.full.win32.x86_64_21.0.5.v20241023-1957\jre\bin\jimage.dll
0x00007ffac8e40000 - 0x00007ffac9041000 	C:\windows\SYSTEM32\DBGHELP.DLL
0x00007ffaa9e10000 - 0x00007ffaa9e44000 	C:\windows\SYSTEM32\dbgcore.DLL
0x00007ffacb4f0000 - 0x00007ffacb572000 	C:\windows\System32\bcryptPrimitives.dll
0x00007ffaaf3e0000 - 0x00007ffaaf3ff000 	D:\eclipsek\gamma2412\eclipse\plugins\org.eclipse.justj.openjdk.hotspot.jre.full.win32.x86_64_21.0.5.v20241023-1957\jre\bin\java.dll
0x00007ffacbe60000 - 0x00007ffacc5d0000 	C:\windows\System32\SHELL32.dll
0x00007ffac92d0000 - 0x00007ffac9a75000 	C:\windows\SYSTEM32\windows.storage.dll
0x00007ffacd4f0000 - 0x00007ffacd844000 	C:\windows\System32\combase.dll
0x00007ffacaba0000 - 0x00007ffacabcb000 	C:\windows\SYSTEM32\Wldp.dll
0x00007ffacd920000 - 0x00007ffacd9ed000 	C:\windows\System32\OLEAUT32.dll
0x00007ffacc8f0000 - 0x00007ffacc99d000 	C:\windows\System32\SHCORE.dll
0x00007ffacd2d0000 - 0x00007ffacd32b000 	C:\windows\System32\shlwapi.dll
0x00007ffacb1f0000 - 0x00007ffacb214000 	C:\windows\SYSTEM32\profapi.dll
0x00007ffaa1ef0000 - 0x00007ffaa1f08000 	D:\eclipsek\gamma2412\eclipse\plugins\org.eclipse.justj.openjdk.hotspot.jre.full.win32.x86_64_21.0.5.v20241023-1957\jre\bin\zip.dll
0x00007ffac5a80000 - 0x00007ffac5a90000 	D:\eclipsek\gamma2412\eclipse\plugins\org.eclipse.justj.openjdk.hotspot.jre.full.win32.x86_64_21.0.5.v20241023-1957\jre\bin\net.dll
0x00007ffac7f80000 - 0x00007ffac808a000 	C:\windows\SYSTEM32\WINHTTP.dll
0x00007ffaca980000 - 0x00007ffaca9ea000 	C:\windows\system32\mswsock.dll
0x00007ffaa1ed0000 - 0x00007ffaa1ee6000 	D:\eclipsek\gamma2412\eclipse\plugins\org.eclipse.justj.openjdk.hotspot.jre.full.win32.x86_64_21.0.5.v20241023-1957\jre\bin\nio.dll
0x00007ffac5a60000 - 0x00007ffac5a70000 	D:\eclipsek\gamma2412\eclipse\plugins\org.eclipse.justj.openjdk.hotspot.jre.full.win32.x86_64_21.0.5.v20241023-1957\jre\bin\verify.dll
0x00007ffacac50000 - 0x00007ffacac68000 	C:\windows\SYSTEM32\CRYPTSP.dll
0x00007ffaca250000 - 0x00007ffaca288000 	C:\windows\system32\rsaenh.dll
0x00007ffacb170000 - 0x00007ffacb19e000 	C:\windows\SYSTEM32\USERENV.dll
0x00007ffacab10000 - 0x00007ffacab1c000 	C:\windows\SYSTEM32\CRYPTBASE.dll
0x00007ffaca680000 - 0x00007ffaca6bb000 	C:\windows\SYSTEM32\IPHLPAPI.DLL
0x00007ffacd910000 - 0x00007ffacd918000 	C:\windows\System32\NSI.dll
0x00007ffac4050000 - 0x00007ffac405e000 	D:\eclipsek\gamma2412\eclipse\plugins\org.eclipse.justj.openjdk.hotspot.jre.full.win32.x86_64_21.0.5.v20241023-1957\jre\bin\sunmscapi.dll
0x00007ffacb360000 - 0x00007ffacb4bd000 	C:\windows\System32\CRYPT32.dll
0x00007ffacad60000 - 0x00007ffacad87000 	C:\windows\SYSTEM32\ncrypt.dll
0x00007ffacb0b0000 - 0x00007ffacb0ba000 	C:\windows\SYSTEM32\DPAPI.DLL
0x00007ffacad20000 - 0x00007ffacad5b000 	C:\windows\SYSTEM32\NTASN1.dll
0x00007ffaca6c0000 - 0x00007ffaca78a000 	C:\windows\SYSTEM32\DNSAPI.dll
0x00007ffac4a20000 - 0x00007ffac4a2a000 	C:\Windows\System32\rasadhlp.dll
0x00007ffac33b0000 - 0x00007ffac3430000 	C:\windows\System32\fwpuclnt.dll
0x00007ffab9730000 - 0x00007ffab9739000 	D:\eclipsek\gamma2412\eclipse\plugins\org.eclipse.justj.openjdk.hotspot.jre.full.win32.x86_64_21.0.5.v20241023-1957\jre\bin\extnet.dll

dbghelp: loaded successfully - version: 4.0.5 - missing functions: none
symbol engine: initialized successfully - sym options: 0x614 - pdb path: .;D:\eclipsek\gamma2412\eclipse\plugins\org.eclipse.justj.openjdk.hotspot.jre.full.win32.x86_64_21.0.5.v20241023-1957\jre\bin;C:\windows\SYSTEM32;C:\Program Files\Bitdefender\Bitdefender Security\bdhkm\dlls_268331554652289042;C:\Program Files\Bitdefender\Bitdefender Security\atcuf\dlls_268640844893649356;C:\windows\WinSxS\amd64_microsoft.windows.common-controls_6595b64144ccf1df_6.0.19041.6456_none_60b8a6cb71f64256;D:\eclipsek\gamma2412\eclipse\plugins\org.eclipse.justj.openjdk.hotspot.jre.full.win32.x86_64_21.0.5.v20241023-1957\jre\bin\server

VM Arguments:
jvm_args: -Dfile.encoding=UTF-8 -Dstdout.encoding=UTF-8 -Dstderr.encoding=UTF-8 -XX:+ShowCodeDetailsInExceptionMessages 
java_command: org.eclipse.emf.mwe2.launch.runtime.Mwe2Launcher src/hu/bme/mit/gamma/setup/GenerateAllLanguages.mwe2
java_class_path (initial): D:\eclipsek\gamma2412\eclipse\plugins\org.osgi.annotation.versioning_1.1.2.202109301733.jar;D:\eclipsek\gamma2412\eclipse\plugins\org.osgi.annotation.bundle_2.0.0.202202082230.jar;D:\eclipsek\gamma2412\eclipse\plugins\org.osgi.service.component.annotations_1.5.1.202212101352.jar;D:\eclipsek\gamma2412\eclipse\plugins\org.osgi.service.metatype.annotations_1.4.1.202109301733.jar;D:\eclipsek\gamma2412\eclipse\plugins\org.eclipse.core.runtime_3.32.0.v20241003-0436.jar;D:\eclipsek\gamma2412\eclipse\plugins\org.eclipse.osgi_3.22.0.v20241030-2121.jar;D:\eclipsek\gamma2412\eclipse\plugins\org.eclipse.osgi.compatibility.state_1.2.1000.v20240213-1057.jar;D:\eclipsek\gamma2412\eclipse\plugins\org.eclipse.equinox.common_3.19.200.v20241004-0654.jar;D:\eclipsek\gamma2412\eclipse\plugins\org.eclipse.core.jobs_3.15.400.v20240619-0602.jar;D:\eclipsek\gamma2412\eclipse\plugins\org.eclipse.equinox.registry_3.12.200.v20241004-0654.jar;D:\eclipsek\gamma2412\eclipse\plugins\org.eclipse.equinox.preferences_3.11.200.v20240911-1044.jar;D:\eclipsek\gamma2412\eclipse\plugins\org.osgi.service.prefs_1.1.2.202109301733.jar;D:\eclipsek\gamma2412\eclipse\plugins\org.eclipse.core.contenttype_3.9.600.v20241001-1711.jar;D:\eclipsek\gamma2412\eclipse\plugins\org.eclipse.equinox.app_1.7.200.v20240722-2103.jar;D:\eclipsek\gamma2412\eclipse\plugins\org.eclipse.emf.ecore_2.38.0.v20241018-1213.jar;D:\eclipsek\gamma2412\eclipse\plugins\org.eclipse.emf.common_2.40.0.v20240911-1027.jar;D:\eclipsek\gamma2412\eclipse\plugins\org.eclipse.emf.ecore.xmi_2.38.0.v20240721-0634.jar;D:\eclipsek\gamma2412\eclipse\plugins\org.eclipse.emf.mwe2.lib_2.20.0.v20241116-0534.jar;D:\eclipsek\gamma2412\eclipse\plugins\org.eclipse.emf.mwe2.launch_2.20.0.v20241116-0534.jar;D:\eclipsek\gamma2412\eclipse\plugins\org.eclipse.emf.mwe2.language_2.20.0.v20241116-0534.jar;D:\eclipsek\gamma2412\eclipse\plugins\org.eclipse.xtext.common.types_2.37.0.v20241119-0857.jar;D:\eclipsek\gamma2412\eclipse\plugins\org.eclipse.emf.mwe2.runtime_2.20.0.v20241116-0534.jar;D:\eclipsek\gamma2412\eclipse\plugins\org.eclipse.xtext_2.37.0.v20241119-0857.jar;D:\eclipsek\gamma2412\eclipse\plugins\org.antlr.runtime_3.2.0.v20230929-1400.jar;D:\eclipsek\gamma2412\eclipse\plugins\org.eclipse.emf.mwe.core_1.14.0.v20241116-0534.jar;D:\eclipsek\gamma2412\eclipse\plugins\org.apache.commons.cli_1.11.0.jar;D:\eclipsek\gamma2412\eclipse\plugins\org.eclipse.emf.mwe.utils_1.14.0.v20241116-0534.jar;D:\eclipsek\gamma2412\eclipse\plugins\org.eclipse.xtext.util_2.37.0.v20241119-0857.jar;D:\eclipsek\gamma2412\eclipse\plugins\com.google.guava_33.7.1.jre.jar;D:\eclipsek\gamma2412\eclipse\plugins\com.google.inject_7.0.0.jar;D:\eclipsek\gamma2412\eclipse\plugins\com.google.guava.failureaccess_1.0.3.jar;D:\eclipsek\gamma2412\eclipse\plugins\jakarta.inject.jakarta.inject-api_2.0.1.jar;D:\eclipsek\gamma2412\eclipse\dropins\org.apache.commons.logging_1.2.0.jar;D:\eclipsek\gamma2412\eclipse\plugins\org.eclipse.xtext.xbase.lib_2.37.0.v20241119-0857.jar;D:\eclipsek\gamma2412\eclipse\plugins\org.eclipse.ui.workbench_3.134.0.v20241107-2150.jar;D:\eclipsek\gamma2412\eclipse\plugins\org.eclipse.e4.ui.workbench3_0.17.400.v20240321-1245.jar;D:\eclipsek\gamma2412\eclipse\plugins\org.eclipse.core.commands_3.12.200.v20240627-1019.jar;D:\eclipsek\gamma2412\eclipse\plugins\org.eclipse.xtext.ui_2.37.0.v20241119-0857.jar;D:\eclipsek\gamma2412\eclipse\plugins\org.eclipse.core.resources_3.22.0.v20241001-1711.jar;D:\eclipsek\gamma2412\eclipse\plugins\org.eclipse.ui_3.207.0.v20241030-1436.jar;D:\eclipsek\gamma2412\eclipse\plugins\org.eclipse.swt_3.128.0.v20241113-2009.jar;D:\eclipsek\gamma2412\eclipse\plugins\org.eclipse.swt.win32.win32.x86_64_3.128.0.v20241113-2009.jar;D:\eclipsek\gamma2412\eclipse\plugins\org.eclipse.jface_3.35.100.v20241003-1431.jar;D:\eclipsek\gamma2412\eclipse\plugins\org.eclipse.ui.editors_3.19.0.v20241106-0945.jar;D:\eclipsek\gamma2412\eclipse\plugins\org.eclipse.core.filebuffers_3.8.300.v20240207-1054.jar;D:\eclipsek\gamma2412\eclipse\plugins\org.eclipse.jface.text_3.26.0.v20241101-1729.jar;D:\eclipsek\gamma2412\eclipse\plugins\org.eclipse.text_3.14.200.v20240915-0736.jar;D:\eclipsek\gamma2412\eclipse\plugins\org.eclipse.emf.edit.ui_2.25.0.v20241015-0644.jar;D:\eclipsek\gamma2412\eclipse\plugins\org.eclipse.ui.views_3.12.500.v20240915-0736.jar;D:\eclipsek\gamma2412\eclipse\plugins\org.eclipse.emf.edit_2.22.0.v20240604-0832.jar;D:\eclipsek\gamma2412\eclipse\plugins\org.eclipse.emf.ecore.change_2.17.0.v20240604-0832.jar;D:\eclipsek\gamma2412\eclipse\plugins\org.eclipse.emf.common.ui_2.24.0.v20240911-1027.jar;D:\eclipsek\gamma2412\eclipse\plugins\org.eclipse.ltk.core.refactoring_3.14.600.v20240905-1133.jar;D:\eclipsek\gamma2412\eclipse\plugins\org.eclipse.xtext.ide_2.37.0.v20241119-0857.jar;D:\eclipsek\gamma2412\eclipse\plugins\org.eclipse.core.expressions_3.9.400.v20240413-1529.jar;D:\eclipsek\gamma2412\eclipse\plugins\org.apache.log4j_1.2.26.jar;D:\eclipsek\gamma2412\eclipse\plugins\org.eclipse.xtext.xtext.generator_2.37.0.v20241119-0857.jar;D:\eclipsek\gamma2412\eclipse\plugins\org.eclipse.emf.codegen.ecore_2.40.0.v20240911-1442.jar;D:\eclipsek\gamma2412\eclipse\plugins\org.eclipse.emf.codegen_2.25.0.v20240911-1027.jar;D:\eclipsek\gamma2412\eclipse\plugins\org.eclipse.xtend.lib_2.37.0.v20241119-0857.jar;D:\eclipsek\gamma2412\eclipse\plugins\org.eclipse.xtend.lib.macro_2.37.0.v20241119-0857.jar;D:\eclipsek\gamma2412\eclipse\plugins\org.eclipse.viatra.query.runtime_2.9.1.202409200831.jar;D:\eclipsek\gamma2412\eclipse\plugins\org.eclipse.viatra.query.runtime.base_2.9.1.202409200831.jar;D:\eclipsek\gamma2412\eclipse\plugins\org.eclipse.viatra.query.runtime.matchers_2.9.1.202409200831.jar;D:\git\gamma\plugins\core\hu.bme.mit.gamma.util\bin;D:\git\gamma\plugins\core\hu.bme.mit.gamma.expression.model\bin;D:\git\gamma\plugins\core\hu.bme.mit.gamma.action.model\bin;D:\git\gamma\plugins\core\hu.bme.mit.gamma.statechart.model\bin;D:\git\gamma\plugins\core\hu.bme.mit.gamma.trace.model\bin;D:\git\gamma\plugins\core\hu.bme.mit.gamma.property.model\bin;D:\git\gamma\plugins\core\hu.bme.mit.gamma.genmodel.model\bin;D:\git\gamma\plugins\scenario\hu.bme.mit.gamma.scenario.model\bin;D:\git\gamma\plugins\xsts\hu.bme.mit.gamma.xsts.model\bin;D:\git\gamma\plugins\safety\hu.bme.mit.gamma.fei.model\bin;D:\git\gamma\plugins\core\hu.bme.mit.gamma.eventpriority.transformation\bin;D:\git\gamma\plugins\core\hu.bme.mit.gamma.statechart.phase.transformation\bin;D:\git\gamma\plugins\core\hu.bme.mit.gamma.transformation.util\bin;D:\git\gamma\plugins\core\hu.bme.mit.gamma.action.language\bin;D:\git\gamma\plugins\core\hu.bme.mit.gamma.expression.language\bin;D:\eclipsek\gamma2412\eclipse\plugins\org.eclipse.xtext.xbase_2.37.0.v20241119-0857.jar;D:\eclipsek\gamma2412\eclipse\plugins\org.objectweb.asm_9.10.1.jar;D:\eclipsek\gamma2412\eclipse\plugins\com.ibm.icu_78.3.0.jar;D:\eclipsek\gamma2412\eclipse\plugins\org.eclipse.ui.workbench.texteditor_3.19.0.v20241112-1917.jar;D:\git\gamma\plugins\setup\hu.bme.mit.gamma.setup\bin
Launcher Type: SUN_STANDARD

[Global flags]
     intx CICompilerCount                          = 4                                         {product} {ergonomic}
     uint ConcGCThreads                            = 2                                         {product} {ergonomic}
     uint G1ConcRefinementThreads                  = 8                                         {product} {ergonomic}
   size_t G1HeapRegionSize                         = 2097152                                   {product} {ergonomic}
    uintx GCDrainStackTargetSize                   = 64                                        {product} {ergonomic}
   size_t InitialHeapSize                          = 264241152                                 {product} {ergonomic}
   size_t MarkStackSize                            = 4194304                                   {product} {ergonomic}
   size_t MaxHeapSize                              = 4213178368                                {product} {ergonomic}
   size_t MaxNewSize                               = 2527068160                                {product} {ergonomic}
   size_t MinHeapDeltaBytes                        = 2097152                                   {product} {ergonomic}
   size_t MinHeapSize                              = 8388608                                   {product} {ergonomic}
    uintx NonNMethodCodeHeapSize                   = 5839372                                {pd product} {ergonomic}
    uintx NonProfiledCodeHeapSize                  = 122909434                              {pd product} {ergonomic}
    uintx ProfiledCodeHeapSize                     = 122909434                              {pd product} {ergonomic}
    uintx ReservedCodeCacheSize                    = 251658240                              {pd product} {ergonomic}
     bool SegmentedCodeCache                       = true                                      {product} {ergonomic}
     bool ShowCodeDetailsInExceptionMessages       = true                                   {manageable} {command line}
   size_t SoftMaxHeapSize                          = 4213178368                             {manageable} {ergonomic}
     bool UseCompressedOops                        = true                           {product lp64_product} {ergonomic}
     bool UseG1GC                                  = true                                      {product} {ergonomic}
     bool UseLargePagesIndividualAllocation        = false                                  {pd product} {ergonomic}

Logging:
Log output configuration:
 #0: stdout all=warning uptime,level,tags foldmultilines=false
 #1: stderr all=off uptime,level,tags foldmultilines=false

Environment Variables:
JAVA_HOME=C:\Program Files\Eclipse Adoptium\jdk-25.0.0.36-hotspot
PATH=D:/eclipsek/gamma2412/eclipse//plugins/org.eclipse.justj.openjdk.hotspot.jre.full.win32.x86_64_21.0.5.v20241023-1957/jre/bin/server;D:/eclipsek/gamma2412/eclipse//plugins/org.eclipse.justj.openjdk.hotspot.jre.full.win32.x86_64_21.0.5.v20241023-1957/jre/bin;C:\Program Files\Eclipse Adoptium\jdk-21.0.8.9-hotspot\bin;C:\Program Files\Eclipse Adoptium\jdk-25.0.0.36-hotspot\bin;C:\Program Files\Common Files\Oracle\Java\javapath;C:\windows\system32;C:\windows;C:\windows\System32\Wbem;C:\windows\System32\WindowsPowerShell\v1.0\;C:\windows\System32\OpenSSH\;C:\Program Files\Git\cmd;C:\Program Files\Git\mingw64\bin;C:\Program Files\Git\usr\bin;C:\Users\Rebus\AppData\Local\Programs\Python\Python313\Scripts\;C:\Users\Rebus\AppData\Local\Programs\Python\Python313\;C:\Users\Rebus\AppData\Local\Microsoft\WindowsApps;C:\Users\Rebus\AppData\Local\Programs\MiKTeX\miktex\bin\x64\;D:\git\theta\lib;;d:\eclipsek\gamma2412\eclipse;
USERNAME=Rebus
OS=Windows_NT
PROCESSOR_IDENTIFIER=Intel64 Family 6 Model 140 Stepping 1, GenuineIntel
TMP=C:\Users\Rebus\AppData\Local\Temp
TEMP=C:\Users\Rebus\AppData\Local\Temp




Periodic native trim disabled

---------------  S Y S T E M  ---------------

OS:
 Windows 10 , 64 bit Build 19041 (10.0.19041.5915)
OS uptime: 1 days 11:44 hours
Hyper-V role detected

CPU: total 8 (initial active 8) (4 cores per cpu, 2 threads per core) family 6 model 140 stepping 1 microcode 0xbe, cx8, cmov, fxsr, ht, mmx, 3dnowpref, sse, sse2, sse3, ssse3, sse4.1, sse4.2, popcnt, lzcnt, tsc, tscinvbit, avx, avx2, aes, erms, clmul, bmi1, bmi2, adx, avx512f, avx512dq, avx512cd, avx512bw, avx512vl, sha, fma, vzeroupper, avx512_vpopcntdq, avx512_vpclmulqdq, avx512_vaes, avx512_vnni, clflush, clflushopt, clwb, avx512_vbmi2, avx512_vbmi, hv, rdtscp, rdpid, fsrm, gfni, avx512_bitalg, f16c, cet_ibt, cet_ss, avx512_ifma
Processor Information for all 8 processors :
  Max Mhz: 2419, Current Mhz: 2419, Mhz Limit: 2419

Memory: 4k page, system-wide physical 16064M (2706M free)
TotalPageFile size 16320M (AvailPageFile size 15M)
current process WorkingSet (physical memory assigned to process): 2108M, peak: 2108M
current process commit charge ("private bytes"): 2234M, peak: 2236M

vm_info: OpenJDK 64-Bit Server VM (21.0.5+11-LTS) for windows-amd64 JRE (21.0.5+11-LTS), built on 2024-10-15T00:00:00Z by "admin" with MS VC++ 17.7 (VS2022)

END.
